
 ===================================================================================================================================
 Bernese GNSS Software, Version 5.4
 -----------------------------------------------------------------------------------------------------------------------------------
 Program        : ADDNEQ2
 Output-version : 1.1
 Purpose        : Combine normal equation systems
 -----------------------------------------------------------------------------------------------------------------------------------
 Campaign       : ${P}/EPNB23
 Default session: 0500 year 2026
 Date           : 21-May-2026 13:50:20
 User name      : bpe54
 ===================================================================================================================================


 NTUA_DDP_20260500: Final coordinate/troposphere results
 -----------------------------------------------------------------------------------------------------------------------------------


 INPUT AND OUTPUT FILENAMES
 --------------------------

 -----------------------------------------------------------------------------------------------------------------------------------
 General constants               : ${MODEL}/CONST.BSW
 Geodetic datum                  : ${CONFIG}/DATUM.BSW
 Satellite problems              : ${CONFIG}/SAT_2026.CRX
 Satellite information           : ${CONFIG}/SATELLIT_I20.SAT
 Antenna corrections             : ${P}/EPNB23/GEN/ANTENNA_I20.PCV
 Observation selection           : ${P}/EPNB23/GEN/OBSERV.SEL
 Nutation model                  : ${MODEL}/IAU2000R06.NUT
 Subdaily ERP model              : ${MODEL}/DESAI2016.SUB
 Earth rotation parameters       :  ---
 Geocenter coordinates           :  ---
 GNSS satellite clocks           :  ---
 Clock RINEX file                :  ---
 Observable-specific biases      :  ---
 Inter-system biases             :  ---
 SINEX general input file        : ${P}/EPNB23/GEN/NTUA_DDP.SKL
 IONEX control file              :  ---
 Station information             : ${P}/EPNB23/STA/CODE_EPN.STA
 Station coordinates             : ${P}/EPNB23/STA/APR_20260500.CRD
 Station velocities              :  ---
 Estimated troposphere           :  ---
 Ionosphere master file          :  ---
 Variance rescaling factors      :  ---
 SLR biases, CoM                 :  ---
 Var-covar w.r.t. coord.         :  ---
 Full var-covar matrix           :  ---
 Parameter estimates             :  ---
 Resulting normal equations      : ${P}/EPNB23/SOL/DSO_20260500.NQ0
 SINEX                           :  ---
 Station coordinate results      : ${P}/EPNB23/STA/DSO_20260500.CRD
 Station velocity results        :  ---
 Troposphere estimates           : ${P}/EPNB23/ATM/DSO_20260500.TRP
 Troposphere estimates (SINEX)   : ${P}/EPNB23/ATM/DSO_20260500.TRO
 Ionosphere models               :  ---
 IONEX                           :  ---
 Code bias results               :  ---
 Inter-system biases (output)    :  ---
 SLR biases, CoM (output)        :  ---
 BIAS SINEX                      :  ---
 Orbital elements                :  ---
 Bernese ERP file                :  ---
 IERS ERP file                   :  ---
 Geocenter coordinates           :  ---
 Indiv. for all parameters       :  ---
 Variance rescaling factors      :  ---
 Antenna model results           :  ---
 Satellite clock file            :  ---
 clock RINEX file                :  ---
 Parameter estimate results      :  ---
 Weekly summary file             :  ---
 Station residuals               :  ---
 Program output                  : ${P}/EPNB23/OUT/DSO_20260500.OUT
 Error message                   : ${U}/WORK/ERROR.MSG
 Scratch file                    : ${U}/WORK/ADDNEQ2.SCR
 Session table                   : ${P}/EPNB23/GEN/SESSIONS.SES
 -----------------------------------------------------------------------------------------------------------------------------------


 INPUT NORMAL EQUATION FILES
 ---------------------------

 -----------------------------------------------------------------------------------------------------------------------------------
 File   Name                             
 -----------------------------------------------------------------------------------------------------------------------------------
    1   ...NB23/SOL/DSO_20260500_001.NQ0 
 -----------------------------------------------------------------------------------------------------------------------------------


 Main characteristics of normal equation files:
 ---------------------------------------------

 File  From                 To                   Number of observations / parameters / degree of freedom
 -----------------------------------------------------------------------------------------------------------------------------------
    1  2026-02-19 00:00:00  2026-02-20 00:00:00                 264710         2769       261941


 Number of parameters:
 --------------------

 Parameter type                                1
 -----------------------------------------------------------------------------------------------------------------------------------
 Station coordinates                         102
 Site-specific troposphere parameters        986
 -----------------------------------------------------------------------------------------------------------------------------------
 Total number of explicit parameters        1088
 Total number of implicit parameters        1681
 -----------------------------------------------------------------------------------------------------------------------------------
 Total number of adjusted parameters        2769



 A PRIORI INFORMATION
 --------------------

 Number of parameters in combined NEQ less than:     5000

 A priori sigma of unit weight:                    0.0010 m


 Station coordinates and velocities:
 ----------------------------------

 Local geodetic datum:                      ${CONFIG}/DATUM.BSW
 
 Datum name         Ell. param./ Scale      Shifts to WGS-84       Rotations to WGS-84
 -----------------------------------------------------------------------------------------------------------------------------------
 IGS20              A  =  6378137.000 m     DX =      0.0000 m     RX =     0.00000 arcsec
                    1/F=  298.2572221       DY =      0.0000 m     RY =     0.00000 arcsec
                    SC =  0.00000D+00       DZ =      0.0000 m     RZ =     0.00000 arcsec


 A priori station coordinates:              ${P}/EPNB23/STA/APR_20260500.CRD

                                            A priori station coordinates                 A priori station coordinates
                                                      IGS20                          Ellipsoidal in local geodetic datum
------------------------------------------------------------------------------------------------------------------------------------
 num  Station name     obs e/f/h        X (m)           Y (m)           Z (m)        Latitude       Longitude    Height (m)
------------------------------------------------------------------------------------------------------------------------------------
   1  ACOR 13434M001    Y  ESTIM   4594489.51780   -678367.34520   4357066.33200     43.3643865     -8.3989280     66.87297
   2  ADAR 19161M001    Y  ESTIM   3852249.20680   -319510.41320   5056510.71210     52.7892186     -4.7413319    148.41882
   3  ARIS 19190M001    Y  ESTIM   3472288.23490   -355730.24210   5320461.41820     56.9095895     -5.8494511     61.37184
   4  BOR1 12205M002    Y  HELMR   3738358.09928   1148174.04122   5021815.95329     52.2769595     17.0734626    124.35839
   5  BRST 10004M004    Y  HELMR   4231162.33548   -332746.30457   4745131.14476     48.3804968     -4.4965898     65.81464
   6  BUDD 10101S001    Y  ESTIM   3513649.02880    778955.03930   5248202.13810     55.7388713     12.4999659     87.96743
   7  CLIB 11526M001    Y  ESTIM   3903194.90810   1050232.78310   4917870.02180     50.7717075     15.0599007    448.35649
   8  CTAB 11529M001    Y  ESTIM   4022509.68490   1053802.15710   4820712.60750     49.4098021     14.6802282    496.23340
   9  DEVA 11408M001    Y  ESTIM   4097210.18640   1731870.71460   4556026.94470     45.8784202     22.9135429    246.64079
  10  DLF1 13502M009    Y  HELMR   3924697.54604    301125.37551   5001905.39539     51.9860220      4.3874659     75.81758
  11  GJML 12121M001    Y  ESTIM   4304059.86740   1605810.70760   4410324.29590     44.0245515     20.4601474    389.58508
  12  GLSV 12356M001    Y  HELMR   3512888.54331   2068980.18540   4888903.37374     50.3641851     30.4967390    226.31848
  13  GRAZ 11001M002    Y  HELMR   4194423.46174   1162703.07239   4647245.63399     47.0671329     15.4934863    538.28746
  14  IGEO 15101M001    Y  ESTIM   3814974.92300   2101075.45680   4644144.15390     47.0303692     28.8435218    105.87754
  15  IGMI 12701M003    Y  ESTIM   4523250.96780    896760.37640   4391796.57860     43.7956518     11.2138043     95.06816
  16  JOZE 12204M001    Y  HELMR   3664939.78113   1409154.18744   5009571.55792     52.0972776     21.0315452    141.42426
  17  KNJA 12113M001    Y  ESTIM   4284174.29200   1753166.87080   4373522.12690     43.5665422     22.2553258    291.04793
  18  LROC 10023M001    Y  HELMR   4424632.31564    -94174.83655   4577544.31470     46.1589454     -1.2193117     57.84770
  19  MATE 12734M008    Y  HELMR   4641949.16691   1393045.82718   4133287.76961     40.6491353     16.7044653    535.65377
  20  MLVL 10092M001    Y  ESTIM   4201576.71780    189860.43190   4779064.98720     48.8410605      2.5873159    160.47170
  21  MOP2 11507M002    Y  ESTIM   4053742.33440   1260569.99280   4744940.35580     48.3726988     17.2738396    581.11735
  22  NPAZ 12110M001    Y  ESTIM   4365990.59020   1634053.63570   4339210.89710     43.1396483     20.5193019    549.51359
  23  ONSA 10402M004    Y  HELMR   3370658.23947    711877.44597   5349787.16241     57.3953017     11.9255234     45.62982
  24  PENC 11206M006    Y  HELMR   4052449.10320   1417681.49366   4701407.31227     47.7896059     19.2815350    291.73024
  25  POTS 14106M003    Y  HELMR   3800689.30295    882077.72435   5028791.52204     52.3793002     13.0660973    144.42920
  26  RIGA 12302M002    Y  HELMR   3183898.81780   1421478.79494   5322810.96899     56.9486222     24.0587808     34.74186
  27  SCIL 19201M001    Y  ESTIM   4090375.86970   -451277.54230   4856740.21000     49.9145591     -6.2957908     85.34258
  28  SID0 12132M001    Y  ESTIM   4256180.82130   1484331.96710   4497564.74670     45.1286690     19.2260845    164.40606
  29  SUBO 12116M001    Y  ESTIM   4172027.26500   1491099.44230   4573052.04870     46.0994845     19.6670953    180.32207
  30  TLSE 10003M009    Y  HELMR   4627851.57842    119640.42351   4372993.79615     43.5606978      1.4808955    207.18117
  31  VIS0 10423M001    Y  HELMR   3246469.92385   1077900.82337   5365278.30822     57.6538726     18.3673238     79.88337
  32  WTZR 14201M010    Y  HELMR   4075580.21279    931854.16005   4801568.34137     49.1442014     12.8789156    666.01929
  33  ZADA 11905M001    Y  ESTIM   4425736.52430   1204735.10340   4417173.92240     44.1131789     15.2275940     64.29568
  34  ZIM2 14001M008    Y  HELMR   4331299.58717    567537.70292   4633133.96188     46.8770968      7.4650361    956.44791


 Network constraints: 

 Component                      A priori sigma  Unit
 -----------------------------------------------------------------------------------------------------------------------------------
 DX    Translation  Coordinates     0.00001     m
 DY    Translation  Coordinates     0.00001     m
 DZ    Translation  Coordinates     0.00001     m


 Site-specific troposphere parameters:        used in NEQ-files:     1 to     1
 ------------------------------------

 A priori troposphere model                : DRY_GPT1
 The meteorological data was               : MODELLED
 Mapping function used for delay estimation: WET_GMF1
 Troposphere gradient estimation           : CHEN-HERRING


 Component                      A priori sigma  Unit
 -----------------------------------------------------------------------------------------------------------------------------------
 U     absolute                     0.00000     m
 N     absolute                     0.00000     m
 E     absolute                     0.00000     m
 U     relative                     5.00000     m
 N     relative                     5.00000     m
 E     relative                     5.00000     m





 SUMMARY OF RESULTS
 ------------------

 Number of parameters:
 --------------------

 Parameter type                            Adjusted   Explicitly   Implicitly  (elim)*       Deleted   Ref.     Singular     No obs.
 -----------------------------------------------------------------------------------------------------------------------------------
 Station coordinates / velocities               102          102            0                     0      0            0            0
 Site-specific troposphere parameters           961          961            0                     0      0           25            0
 -----------------------------------------------------------------------------------------------------------------------------------
 Previously pre-eliminated parameters          1681                      1681
 -----------------------------------------------------------------------------------------------------------------------------------
 Total number                                  2744         1063         1681                     0      0           25            0


 *Abbreviation pre-elimination (elim): before stacking (bfst),  after stacking (afst), epoch-wise (epow), after inversion (afin)


 Statistics:                           
 ----------                            

 Total number of authentic observations      264710
 Total number of pseudo-observations            861

 Total number of explicit parameters           1063
 Total number of implicit parameters           1681

 Total number of observations                265571
 Total number of adjusted parameters           2744
 Degree of freedom (DOF)                     262827

 A posteriori RMS of unit weight           0.001178 m
 Chi**2/DOF                                    1.39

 Total number of observation files               33
 Total number of stations                        34





 Station coordinates and velocities:
 ----------------------------------

 Sol Station name         Typ Correction  Estimated value  RMS error   A priori value Unit    From                To                  MJD           Num Abb  
 ------------------------------------------------------------------------------------------------------------------------------------------------------------
   1 ACOR 13434M001         X   -0.04966    4594489.46814    0.00085    4594489.51780 meters  2026-02-19 00:00:00 2026-02-19 23:59:30 61090.49983     1 #CRD 
   1 ACOR 13434M001         Y    0.11384    -678367.23136    0.00029    -678367.34520 meters  2026-02-19 00:00:00 2026-02-19 23:59:30 61090.49983     2 #CRD 
   1 ACOR 13434M001         Z   -0.00358    4357066.32842    0.00088    4357066.33200 meters  2026-02-19 00:00:00 2026-02-19 23:59:30 61090.49983     3 #CRD 
   1 ADAR 19161M001         X   -0.02432    3852249.18248    0.00054    3852249.20680 meters  2026-02-19 00:00:00 2026-02-19 23:59:30 61090.49983     4 #CRD 
   1 ADAR 19161M001         Y    0.03484    -319510.37836    0.00020    -319510.41320 meters  2026-02-19 00:00:00 2026-02-19 23:59:30 61090.49983     5 #CRD 
   1 ADAR 19161M001         Z    0.02272    5056510.73482    0.00063    5056510.71210 meters  2026-02-19 00:00:00 2026-02-19 23:59:30 61090.49983     6 #CRD 
   1 ARIS 19190M001         X   -0.02791    3472288.20699    0.00067    3472288.23490 meters  2026-02-19 00:00:00 2026-02-19 23:59:30 61090.49983     7 #CRD 
   1 ARIS 19190M001         Y    0.03223    -355730.20987    0.00023    -355730.24210 meters  2026-02-19 00:00:00 2026-02-19 23:59:30 61090.49983     8 #CRD 
   1 ARIS 19190M001         Z    0.02031    5320461.43851    0.00082    5320461.41820 meters  2026-02-19 00:00:00 2026-02-19 23:59:30 61090.49983     9 #CRD 
   1 BOR1 12205M002         X    0.00117    3738358.10045    0.00036    3738358.09928 meters  2026-02-19 00:00:00 2026-02-19 23:59:30 61090.49983    10 #CRD 
   1 BOR1 12205M002         Y   -0.00044    1148174.04078    0.00017    1148174.04122 meters  2026-02-19 00:00:00 2026-02-19 23:59:30 61090.49983    11 #CRD 
   1 BOR1 12205M002         Z   -0.00100    5021815.95229    0.00045    5021815.95329 meters  2026-02-19 00:00:00 2026-02-19 23:59:30 61090.49983    12 #CRD 
   1 BRST 10004M004         X   -0.00377    4231162.33171    0.00052    4231162.33548 meters  2026-02-19 00:00:00 2026-02-19 23:59:30 61090.49983    13 #CRD 
   1 BRST 10004M004         Y    0.00235    -332746.30222    0.00019    -332746.30457 meters  2026-02-19 00:00:00 2026-02-19 23:59:30 61090.49983    14 #CRD 
   1 BRST 10004M004         Z   -0.01011    4745131.13465    0.00058    4745131.14476 meters  2026-02-19 00:00:00 2026-02-19 23:59:30 61090.49983    15 #CRD 
   1 BUDD 10101S001         X   -0.03796    3513648.99084    0.00037    3513649.02880 meters  2026-02-19 00:00:00 2026-02-19 23:59:30 61090.49983    16 #CRD 
   1 BUDD 10101S001         Y    0.03247     778955.07177    0.00017     778955.03930 meters  2026-02-19 00:00:00 2026-02-19 23:59:30 61090.49983    17 #CRD 
   1 BUDD 10101S001         Z    0.02223    5248202.16033    0.00049    5248202.13810 meters  2026-02-19 00:00:00 2026-02-19 23:59:30 61090.49983    18 #CRD 
   1 CLIB 11526M001         X   -0.03858    3903194.86952    0.00037    3903194.90810 meters  2026-02-19 00:00:00 2026-02-19 23:59:30 61090.49983    19 #CRD 
   1 CLIB 11526M001         Y    0.03487    1050232.81797    0.00017    1050232.78310 meters  2026-02-19 00:00:00 2026-02-19 23:59:30 61090.49983    20 #CRD 
   1 CLIB 11526M001         Z    0.01531    4917870.03711    0.00046    4917870.02180 meters  2026-02-19 00:00:00 2026-02-19 23:59:30 61090.49983    21 #CRD 
   1 CTAB 11529M001         X   -0.03098    4022509.65392    0.00038    4022509.68490 meters  2026-02-19 00:00:00 2026-02-19 23:59:30 61090.49983    22 #CRD 
   1 CTAB 11529M001         Y    0.03872    1053802.19582    0.00017    1053802.15710 meters  2026-02-19 00:00:00 2026-02-19 23:59:30 61090.49983    23 #CRD 
   1 CTAB 11529M001         Z    0.02593    4820712.63343    0.00047    4820712.60750 meters  2026-02-19 00:00:00 2026-02-19 23:59:30 61090.49983    24 #CRD 
   1 DEVA 11408M001         X   -0.03309    4097210.15331    0.00059    4097210.18640 meters  2026-02-19 00:00:00 2026-02-19 23:59:30 61090.49983    25 #CRD 
   1 DEVA 11408M001         Y    0.03879    1731870.75339    0.00033    1731870.71460 meters  2026-02-19 00:00:00 2026-02-19 23:59:30 61090.49983    26 #CRD 
   1 DEVA 11408M001         Z    0.02916    4556026.97386    0.00069    4556026.94470 meters  2026-02-19 00:00:00 2026-02-19 23:59:30 61090.49983    27 #CRD 
   1 DLF1 13502M009         X    0.00300    3924697.54904    0.00047    3924697.54604 meters  2026-02-19 00:00:00 2026-02-19 23:59:30 61090.49983    28 #CRD 
   1 DLF1 13502M009         Y    0.00042     301125.37593    0.00017     301125.37551 meters  2026-02-19 00:00:00 2026-02-19 23:59:30 61090.49983    29 #CRD 
   1 DLF1 13502M009         Z    0.00328    5001905.39867    0.00052    5001905.39539 meters  2026-02-19 00:00:00 2026-02-19 23:59:30 61090.49983    30 #CRD 
   1 GJML 12121M001         X   -0.70391    4304059.16349    0.00068    4304059.86740 meters  2026-02-19 00:00:00 2026-02-19 23:59:30 61090.49983    31 #CRD 
   1 GJML 12121M001         Y    0.61457    1605811.32217    0.00035    1605810.70760 meters  2026-02-19 00:00:00 2026-02-19 23:59:30 61090.49983    32 #CRD 
   1 GJML 12121M001         Z    0.42457    4410324.72047    0.00075    4410324.29590 meters  2026-02-19 00:00:00 2026-02-19 23:59:30 61090.49983    33 #CRD 
   1 GLSV 12356M001         X   -0.00573    3512888.53758    0.00070    3512888.54331 meters  2026-02-19 00:00:00 2026-02-19 23:59:30 61090.49983    34 #CRD 
   1 GLSV 12356M001         Y   -0.00477    2068980.18063    0.00041    2068980.18540 meters  2026-02-19 00:00:00 2026-02-19 23:59:30 61090.49983    35 #CRD 
   1 GLSV 12356M001         Z   -0.00312    4888903.37062    0.00083    4888903.37374 meters  2026-02-19 00:00:00 2026-02-19 23:59:30 61090.49983    36 #CRD 
   1 GRAZ 11001M002         X    0.00149    4194423.46323    0.00038    4194423.46174 meters  2026-02-19 00:00:00 2026-02-19 23:59:30 61090.49983    37 #CRD 
   1 GRAZ 11001M002         Y    0.00113    1162703.07352    0.00018    1162703.07239 meters  2026-02-19 00:00:00 2026-02-19 23:59:30 61090.49983    38 #CRD 
   1 GRAZ 11001M002         Z    0.00059    4647245.63458    0.00043    4647245.63399 meters  2026-02-19 00:00:00 2026-02-19 23:59:30 61090.49983    39 #CRD 
   1 IGEO 15101M001         X   -0.05396    3814974.86904    0.00060    3814974.92300 meters  2026-02-19 00:00:00 2026-02-19 23:59:30 61090.49983    40 #CRD 
   1 IGEO 15101M001         Y    0.02159    2101075.47839    0.00034    2101075.45680 meters  2026-02-19 00:00:00 2026-02-19 23:59:30 61090.49983    41 #CRD 
   1 IGEO 15101M001         Z    0.00553    4644144.15943    0.00073    4644144.15390 meters  2026-02-19 00:00:00 2026-02-19 23:59:30 61090.49983    42 #CRD 
   1 IGMI 12701M003         X   -0.03246    4523250.93534    0.00069    4523250.96780 meters  2026-02-19 00:00:00 2026-02-19 23:59:30 61090.49983    43 #CRD 
   1 IGMI 12701M003         Y    0.04010     896760.41650    0.00027     896760.37640 meters  2026-02-19 00:00:00 2026-02-19 23:59:30 61090.49983    44 #CRD 
   1 IGMI 12701M003         Z    0.02690    4391796.60550    0.00065    4391796.57860 meters  2026-02-19 00:00:00 2026-02-19 23:59:30 61090.49983    45 #CRD 
   1 JOZE 12204M001         X   -0.00780    3664939.77333    0.00040    3664939.78113 meters  2026-02-19 00:00:00 2026-02-19 23:59:30 61090.49983    46 #CRD 
   1 JOZE 12204M001         Y   -0.00073    1409154.18671    0.00020    1409154.18744 meters  2026-02-19 00:00:00 2026-02-19 23:59:30 61090.49983    47 #CRD 
   1 JOZE 12204M001         Z   -0.00221    5009571.55571    0.00051    5009571.55792 meters  2026-02-19 00:00:00 2026-02-19 23:59:30 61090.49983    48 #CRD 
   1 KNJA 12113M001         X   -0.04854    4284174.24346    0.00078    4284174.29200 meters  2026-02-19 00:00:00 2026-02-19 23:59:30 61090.49983    49 #CRD 
   1 KNJA 12113M001         Y    0.03295    1753166.90375    0.00039    1753166.87080 meters  2026-02-19 00:00:00 2026-02-19 23:59:30 61090.49983    50 #CRD 
   1 KNJA 12113M001         Z    0.01294    4373522.13984    0.00083    4373522.12690 meters  2026-02-19 00:00:00 2026-02-19 23:59:30 61090.49983    51 #CRD 
   1 LROC 10023M001         X   -0.00221    4424632.31343    0.00070    4424632.31564 meters  2026-02-19 00:00:00 2026-02-19 23:59:30 61090.49983    52 #CRD 
   1 LROC 10023M001         Y   -0.00205     -94174.83860    0.00024     -94174.83655 meters  2026-02-19 00:00:00 2026-02-19 23:59:30 61090.49983    53 #CRD 
   1 LROC 10023M001         Z   -0.00463    4577544.31007    0.00073    4577544.31470 meters  2026-02-19 00:00:00 2026-02-19 23:59:30 61090.49983    54 #CRD 
   1 MATE 12734M008         X   -0.00273    4641949.16418    0.00061    4641949.16691 meters  2026-02-19 00:00:00 2026-02-19 23:59:30 61090.49983    55 #CRD 
   1 MATE 12734M008         Y    0.00031    1393045.82749    0.00026    1393045.82718 meters  2026-02-19 00:00:00 2026-02-19 23:59:30 61090.49983    56 #CRD 
   1 MATE 12734M008         Z    0.00376    4133287.77337    0.00060    4133287.76961 meters  2026-02-19 00:00:00 2026-02-19 23:59:30 61090.49983    57 #CRD 
   1 MLVL 10092M001         X   -0.03328    4201576.68452    0.00045    4201576.71780 meters  2026-02-19 00:00:00 2026-02-19 23:59:30 61090.49983    58 #CRD 
   1 MLVL 10092M001         Y    0.03902     189860.47092    0.00017     189860.43190 meters  2026-02-19 00:00:00 2026-02-19 23:59:30 61090.49983    59 #CRD 
   1 MLVL 10092M001         Z    0.01846    4779065.00566    0.00051    4779064.98720 meters  2026-02-19 00:00:00 2026-02-19 23:59:30 61090.49983    60 #CRD 
   1 MOP2 11507M002         X   -0.03104    4053742.30336    0.00045    4053742.33440 meters  2026-02-19 00:00:00 2026-02-19 23:59:30 61090.49983    61 #CRD 
   1 MOP2 11507M002         Y    0.03810    1260570.03090    0.00021    1260569.99280 meters  2026-02-19 00:00:00 2026-02-19 23:59:30 61090.49983    62 #CRD 
   1 MOP2 11507M002         Z    0.02741    4744940.38321    0.00059    4744940.35580 meters  2026-02-19 00:00:00 2026-02-19 23:59:30 61090.49983    63 #CRD 
   1 NPAZ 12110M001         X   -0.03897    4365990.55123    0.00073    4365990.59020 meters  2026-02-19 00:00:00 2026-02-19 23:59:30 61090.49983    64 #CRD 
   1 NPAZ 12110M001         Y    0.03756    1634053.67326    0.00037    1634053.63570 meters  2026-02-19 00:00:00 2026-02-19 23:59:30 61090.49983    65 #CRD 
   1 NPAZ 12110M001         Z    0.01928    4339210.91638    0.00079    4339210.89710 meters  2026-02-19 00:00:00 2026-02-19 23:59:30 61090.49983    66 #CRD 
   1 ONSA 10402M004         X    0.00390    3370658.24337    0.00051    3370658.23947 meters  2026-02-19 00:00:00 2026-02-19 23:59:30 61090.49983    67 #CRD 
   1 ONSA 10402M004         Y    0.00064     711877.44661    0.00023     711877.44597 meters  2026-02-19 00:00:00 2026-02-19 23:59:30 61090.49983    68 #CRD 
   1 ONSA 10402M004         Z    0.00534    5349787.16775    0.00074    5349787.16241 meters  2026-02-19 00:00:00 2026-02-19 23:59:30 61090.49983    69 #CRD 
   1 PENC 11206M006         X    0.01325    4052449.11645    0.00071    4052449.10320 meters  2026-02-19 00:00:00 2026-02-19 23:59:30 61090.49983    70 #CRD 
   1 PENC 11206M006         Y   -0.00132    1417681.49234    0.00039    1417681.49366 meters  2026-02-19 00:00:00 2026-02-19 23:59:30 61090.49983    71 #CRD 
   1 PENC 11206M006         Z    0.01424    4701407.32651    0.00086    4701407.31227 meters  2026-02-19 00:00:00 2026-02-19 23:59:30 61090.49983    72 #CRD 
   1 POTS 14106M003         X   -0.00057    3800689.30238    0.00035    3800689.30295 meters  2026-02-19 00:00:00 2026-02-19 23:59:30 61090.49983    73 #CRD 
   1 POTS 14106M003         Y   -0.00010     882077.72425    0.00016     882077.72435 meters  2026-02-19 00:00:00 2026-02-19 23:59:30 61090.49983    74 #CRD 
   1 POTS 14106M003         Z   -0.00285    5028791.51919    0.00044    5028791.52204 meters  2026-02-19 00:00:00 2026-02-19 23:59:30 61090.49983    75 #CRD 
   1 RIGA 12302M002         X    0.00184    3183898.81964    0.00046    3183898.81780 meters  2026-02-19 00:00:00 2026-02-19 23:59:30 61090.49983    76 #CRD 
   1 RIGA 12302M002         Y   -0.00045    1421478.79449    0.00023    1421478.79494 meters  2026-02-19 00:00:00 2026-02-19 23:59:30 61090.49983    77 #CRD 
   1 RIGA 12302M002         Z   -0.00319    5322810.96580    0.00075    5322810.96899 meters  2026-02-19 00:00:00 2026-02-19 23:59:30 61090.49983    78 #CRD 
   1 SCIL 19201M001         X   -0.01935    4090375.85035    0.00051    4090375.86970 meters  2026-02-19 00:00:00 2026-02-19 23:59:30 61090.49983    79 #CRD 
   1 SCIL 19201M001         Y    0.03593    -451277.50637    0.00020    -451277.54230 meters  2026-02-19 00:00:00 2026-02-19 23:59:30 61090.49983    80 #CRD 
   1 SCIL 19201M001         Z    0.01806    4856740.22806    0.00059    4856740.21000 meters  2026-02-19 00:00:00 2026-02-19 23:59:30 61090.49983    81 #CRD 
   1 SID0 12132M001         X   -0.70787    4256180.11343    0.00068    4256180.82130 meters  2026-02-19 00:00:00 2026-02-19 23:59:30 61090.49983    82 #CRD 
   1 SID0 12132M001         Y    0.61503    1484332.58213    0.00034    1484331.96710 meters  2026-02-19 00:00:00 2026-02-19 23:59:30 61090.49983    83 #CRD 
   1 SID0 12132M001         Z    0.41821    4497565.16491    0.00074    4497564.74670 meters  2026-02-19 00:00:00 2026-02-19 23:59:30 61090.49983    84 #CRD 
   1 SUBO 12116M001         X   -0.71261    4172026.55239    0.00072    4172027.26500 meters  2026-02-19 00:00:00 2026-02-19 23:59:30 61090.49983    85 #CRD 
   1 SUBO 12116M001         Y    0.60214    1491100.04444    0.00037    1491099.44230 meters  2026-02-19 00:00:00 2026-02-19 23:59:30 61090.49983    86 #CRD 
   1 SUBO 12116M001         Z    0.40338    4573052.45208    0.00079    4573052.04870 meters  2026-02-19 00:00:00 2026-02-19 23:59:30 61090.49983    87 #CRD 
   1 TLSE 10003M009         X   -0.00250    4627851.57592    0.00075    4627851.57842 meters  2026-02-19 00:00:00 2026-02-19 23:59:30 61090.49983    88 #CRD 
   1 TLSE 10003M009         Y    0.00075     119640.42426    0.00024     119640.42351 meters  2026-02-19 00:00:00 2026-02-19 23:59:30 61090.49983    89 #CRD 
   1 TLSE 10003M009         Z   -0.00329    4372993.79286    0.00077    4372993.79615 meters  2026-02-19 00:00:00 2026-02-19 23:59:30 61090.49983    90 #CRD 
   1 VIS0 10423M001         X    0.00202    3246469.92587    0.00043    3246469.92385 meters  2026-02-19 00:00:00 2026-02-19 23:59:30 61090.49983    91 #CRD 
   1 VIS0 10423M001         Y    0.00448    1077900.82785    0.00021    1077900.82337 meters  2026-02-19 00:00:00 2026-02-19 23:59:30 61090.49983    92 #CRD 
   1 VIS0 10423M001         Z    0.00418    5365278.31240    0.00064    5365278.30822 meters  2026-02-19 00:00:00 2026-02-19 23:59:30 61090.49983    93 #CRD 
   1 WTZR 14201M010         X    0.00241    4075580.21520    0.00039    4075580.21279 meters  2026-02-19 00:00:00 2026-02-19 23:59:30 61090.49983    94 #CRD 
   1 WTZR 14201M010         Y   -0.00074     931854.15931    0.00017     931854.16005 meters  2026-02-19 00:00:00 2026-02-19 23:59:30 61090.49983    95 #CRD 
   1 WTZR 14201M010         Z    0.00270    4801568.34407    0.00047    4801568.34137 meters  2026-02-19 00:00:00 2026-02-19 23:59:30 61090.49983    96 #CRD 
   1 ZADA 11905M001         X   -0.03956    4425736.48474    0.00051    4425736.52430 meters  2026-02-19 00:00:00 2026-02-19 23:59:30 61090.49983    97 #CRD 
   1 ZADA 11905M001         Y    0.03817    1204735.14157    0.00023    1204735.10340 meters  2026-02-19 00:00:00 2026-02-19 23:59:30 61090.49983    98 #CRD 
   1 ZADA 11905M001         Z    0.02640    4417173.94880    0.00053    4417173.92240 meters  2026-02-19 00:00:00 2026-02-19 23:59:30 61090.49983    99 #CRD 
   1 ZIM2 14001M008         X   -0.00377    4331299.58340    0.00045    4331299.58717 meters  2026-02-19 00:00:00 2026-02-19 23:59:30 61090.49983   100 #CRD 
   1 ZIM2 14001M008         Y    0.00052     567537.70344    0.00017     567537.70292 meters  2026-02-19 00:00:00 2026-02-19 23:59:30 61090.49983   101 #CRD 
   1 ZIM2 14001M008         Z   -0.00367    4633133.95821    0.00049    4633133.96188 meters  2026-02-19 00:00:00 2026-02-19 23:59:30 61090.49983   102 #CRD 


 Site-specific troposphere parameters:
 ------------------------------------

 Station name         Typ     Correction  Estimated value  RMS error   A priori value Unit    From                To                  MJD           Num Abb  
 ------------------------------------------------------------------------------------------------------------------------------------------------------------
 ACOR 13434M001         N       -0.00186         -0.00186    0.00011          0.00000 meters  2026-02-19 00:00:00                     61090.00000   103 #TRP 
 ACOR 13434M001         E       -0.00065         -0.00065    0.00009          0.00000 meters  2026-02-19 00:00:00                     61090.00000   104 #TRP 
 ACOR 13434M001         U        0.07212          2.39262    0.00162          2.32050 meters  2026-02-19 00:00:00                     61090.00000   105 #TRP 
 ACOR 13434M001         U        0.07083          2.39133    0.00125          2.32050 meters  2026-02-19 01:00:00                     61090.04167   106 #TRP 
 ACOR 13434M001         U        0.07564          2.39613    0.00110          2.32049 meters  2026-02-19 02:00:00                     61090.08333   107 #TRP 
 ACOR 13434M001         U        0.06730          2.38779    0.00105          2.32049 meters  2026-02-19 03:00:00                     61090.12500   108 #TRP 
 ACOR 13434M001         U        0.07131          2.39181    0.00108          2.32049 meters  2026-02-19 04:00:00                     61090.16667   109 #TRP 
 ACOR 13434M001         U        0.07410          2.39459    0.00091          2.32049 meters  2026-02-19 05:00:00                     61090.20833   110 #TRP 
 ACOR 13434M001         U        0.07387          2.39436    0.00095          2.32049 meters  2026-02-19 06:00:00                     61090.25000   111 #TRP 
 ACOR 13434M001         U        0.07578          2.39627    0.00094          2.32049 meters  2026-02-19 07:00:00                     61090.29167   112 #TRP 
 ACOR 13434M001         U        0.07530          2.39579    0.00097          2.32049 meters  2026-02-19 08:00:00                     61090.33333   113 #TRP 
 ACOR 13434M001         U        0.07549          2.39598    0.00094          2.32049 meters  2026-02-19 09:00:00                     61090.37500   114 #TRP 
 ACOR 13434M001         U        0.08931          2.40980    0.00097          2.32048 meters  2026-02-19 10:00:00                     61090.41667   115 #TRP 
 ACOR 13434M001         U        0.08521          2.40569    0.00095          2.32048 meters  2026-02-19 11:00:00                     61090.45833   116 #TRP 
 ACOR 13434M001         U        0.09373          2.41421    0.00112          2.32048 meters  2026-02-19 12:00:00                     61090.50000   117 #TRP 
 ACOR 13434M001         U        0.09239          2.41287    0.00091          2.32048 meters  2026-02-19 13:00:00                     61090.54167   118 #TRP 
 ACOR 13434M001         U        0.09617          2.41665    0.00110          2.32048 meters  2026-02-19 14:00:00                     61090.58333   119 #TRP 
 ACOR 13434M001         U        0.09152          2.41200    0.00154          2.32048 meters  2026-02-19 15:00:00                     61090.62500   120 #TRP 
 ACOR 13434M001         U        0.09382          2.41430    0.00127          2.32048 meters  2026-02-19 16:00:00                     61090.66667   121 #TRP 
 ACOR 13434M001         U        0.09705          2.41753    0.00126          2.32048 meters  2026-02-19 17:00:00                     61090.70833   122 #TRP 
 ACOR 13434M001         U        0.10080          2.42127    0.00146          2.32047 meters  2026-02-19 18:00:00                     61090.75000   123 #TRP 
 ACOR 13434M001         U        0.10285          2.42332    0.00161          2.32047 meters  2026-02-19 19:00:00                     61090.79167   124 #TRP 
 ACOR 13434M001         U        0.10601          2.42648    0.00160          2.32047 meters  2026-02-19 20:00:00                     61090.83333   125 #TRP 
 ACOR 13434M001         U        0.10752          2.42799    0.00155          2.32047 meters  2026-02-19 21:00:00                     61090.87500   126 #TRP 
 ACOR 13434M001         U        0.11369          2.43416    0.00160          2.32047 meters  2026-02-19 22:00:00                     61090.91667   127 #TRP 
 ACOR 13434M001         U        0.10106          2.42152    0.00167          2.32047 meters  2026-02-19 23:00:00                     61090.95833   128 #TRP 
 ACOR 13434M001         N        0.00035          0.00035    0.00015          0.00000 meters  2026-02-20 00:00:00                     61091.00000   129 #TRP 
 ACOR 13434M001         E       -0.00012         -0.00012    0.00009          0.00000 meters  2026-02-20 00:00:00                     61091.00000   130 #TRP 
 ACOR 13434M001         U        0.09426          2.41473    0.00234          2.32047 meters  2026-02-20 00:00:00                     61091.00000   131 #TRP 
 ADAR 19161M001         N        0.00015          0.00015    0.00005          0.00000 meters  2026-02-19 00:00:00                     61090.00000   132 #TRP 
 ADAR 19161M001         E        0.00025          0.00025    0.00006          0.00000 meters  2026-02-19 00:00:00                     61090.00000   133 #TRP 
 ADAR 19161M001         U        0.05449          2.33753    0.00101          2.28303 meters  2026-02-19 00:00:00                     61090.00000   134 #TRP 
 ADAR 19161M001         U        0.05454          2.33757    0.00073          2.28303 meters  2026-02-19 01:00:00                     61090.04167   135 #TRP 
 ADAR 19161M001         U        0.05487          2.33791    0.00067          2.28303 meters  2026-02-19 02:00:00                     61090.08333   136 #TRP 
 ADAR 19161M001         U        0.05206          2.33510    0.00071          2.28303 meters  2026-02-19 03:00:00                     61090.12500   137 #TRP 
 ADAR 19161M001         U        0.05267          2.33570    0.00070          2.28303 meters  2026-02-19 04:00:00                     61090.16667   138 #TRP 
 ADAR 19161M001         U        0.05390          2.33694    0.00060          2.28303 meters  2026-02-19 05:00:00                     61090.20833   139 #TRP 
 ADAR 19161M001         U        0.05695          2.33998    0.00072          2.28303 meters  2026-02-19 06:00:00                     61090.25000   140 #TRP 
 ADAR 19161M001         U        0.05303          2.33606    0.00067          2.28303 meters  2026-02-19 07:00:00                     61090.29167   141 #TRP 
 ADAR 19161M001         U        0.05445          2.33749    0.00065          2.28303 meters  2026-02-19 08:00:00                     61090.33333   142 #TRP 
 ADAR 19161M001         U        0.05560          2.33864    0.00062          2.28303 meters  2026-02-19 09:00:00                     61090.37500   143 #TRP 
 ADAR 19161M001         U        0.05341          2.33644    0.00068          2.28303 meters  2026-02-19 10:00:00                     61090.41667   144 #TRP 
 ADAR 19161M001         U        0.05589          2.33892    0.00062          2.28303 meters  2026-02-19 11:00:00                     61090.45833   145 #TRP 
 ADAR 19161M001         U        0.06279          2.34582    0.00071          2.28303 meters  2026-02-19 12:00:00                     61090.50000   146 #TRP 
 ADAR 19161M001         U        0.06084          2.34387    0.00071          2.28303 meters  2026-02-19 13:00:00                     61090.54167   147 #TRP 
 ADAR 19161M001         U        0.05849          2.34153    0.00072          2.28303 meters  2026-02-19 14:00:00                     61090.58333   148 #TRP 
 ADAR 19161M001         U        0.05906          2.34210    0.00105          2.28303 meters  2026-02-19 15:00:00                     61090.62500   149 #TRP 
 ADAR 19161M001         U        0.06289          2.34592    0.00110          2.28303 meters  2026-02-19 16:00:00                     61090.66667   150 #TRP 
 ADAR 19161M001         U        0.05700          2.34004    0.00109          2.28303 meters  2026-02-19 17:00:00                     61090.70833   151 #TRP 
 ADAR 19161M001         U        0.05698          2.34001    0.00114          2.28303 meters  2026-02-19 18:00:00                     61090.75000   152 #TRP 
 ADAR 19161M001         U        0.05700          2.34003    0.00128          2.28304 meters  2026-02-19 19:00:00                     61090.79167   153 #TRP 
 ADAR 19161M001         U        0.04153          2.32456    0.00123          2.28304 meters  2026-02-19 20:00:00                     61090.83333   154 #TRP 
 ADAR 19161M001         U        0.04749          2.33052    0.00113          2.28304 meters  2026-02-19 21:00:00                     61090.87500   155 #TRP 
 ADAR 19161M001         U        0.05537          2.33841    0.00128          2.28304 meters  2026-02-19 22:00:00                     61090.91667   156 #TRP 
 ADAR 19161M001         U        0.06679          2.34983    0.00127          2.28304 meters  2026-02-19 23:00:00                     61090.95833   157 #TRP 
 ADAR 19161M001         N       -0.00097         -0.00097    0.00006          0.00000 meters  2026-02-20 00:00:00                     61091.00000   158 #TRP 
 ADAR 19161M001         E       -0.00091         -0.00091    0.00007          0.00000 meters  2026-02-20 00:00:00                     61091.00000   159 #TRP 
 ADAR 19161M001         U        0.07717          2.36021    0.00159          2.28304 meters  2026-02-20 00:00:00                     61091.00000   160 #TRP 
 ARIS 19190M001         N        0.00079          0.00079    0.00009          0.00000 meters  2026-02-19 00:00:00                     61090.00000   161 #TRP 
 ARIS 19190M001         E       -0.00124         -0.00124    0.00008          0.00000 meters  2026-02-19 00:00:00                     61090.00000   162 #TRP 
 ARIS 19190M001         U        0.05824          2.35241    0.00125          2.29417 meters  2026-02-19 00:00:00                     61090.00000   163 #TRP 
 ARIS 19190M001         U        0.06024          2.35442    0.00091          2.29417 meters  2026-02-19 01:00:00                     61090.04167   164 #TRP 
 ARIS 19190M001         U        0.06068          2.35486    0.00088          2.29417 meters  2026-02-19 02:00:00                     61090.08333   165 #TRP 
 ARIS 19190M001         U        0.05527          2.34944    0.00094          2.29418 meters  2026-02-19 03:00:00                     61090.12500   166 #TRP 
 ARIS 19190M001         U        0.04963          2.34381    0.00089          2.29418 meters  2026-02-19 04:00:00                     61090.16667   167 #TRP 
 ARIS 19190M001         U        0.04959          2.34377    0.00077          2.29418 meters  2026-02-19 05:00:00                     61090.20833   168 #TRP 
 ARIS 19190M001         U        0.04943          2.34361    0.00088          2.29418 meters  2026-02-19 06:00:00                     61090.25000   169 #TRP 
 ARIS 19190M001         U        0.04656          2.34075    0.00083          2.29418 meters  2026-02-19 07:00:00                     61090.29167   170 #TRP 
 ARIS 19190M001         U        0.05390          2.34808    0.00084          2.29418 meters  2026-02-19 08:00:00                     61090.33333   171 #TRP 
 ARIS 19190M001         U        0.05873          2.35291    0.00077          2.29418 meters  2026-02-19 09:00:00                     61090.37500   172 #TRP 
 ARIS 19190M001         U        0.05950          2.35368    0.00094          2.29419 meters  2026-02-19 10:00:00                     61090.41667   173 #TRP 
 ARIS 19190M001         U        0.06890          2.36309    0.00083          2.29419 meters  2026-02-19 11:00:00                     61090.45833   174 #TRP 
 ARIS 19190M001         U        0.07859          2.37277    0.00090          2.29419 meters  2026-02-19 12:00:00                     61090.50000   175 #TRP 
 ARIS 19190M001         U        0.08523          2.37942    0.00091          2.29419 meters  2026-02-19 13:00:00                     61090.54167   176 #TRP 
 ARIS 19190M001         U        0.08274          2.37693    0.00086          2.29419 meters  2026-02-19 14:00:00                     61090.58333   177 #TRP 
 ARIS 19190M001         U        0.07097          2.36516    0.00125          2.29419 meters  2026-02-19 15:00:00                     61090.62500   178 #TRP 
 ARIS 19190M001         U        0.06747          2.36166    0.00137          2.29420 meters  2026-02-19 16:00:00                     61090.66667   179 #TRP 
 ARIS 19190M001         U        0.06945          2.36365    0.00120          2.29420 meters  2026-02-19 17:00:00                     61090.70833   180 #TRP 
 ARIS 19190M001         U        0.06052          2.35472    0.00132          2.29420 meters  2026-02-19 18:00:00                     61090.75000   181 #TRP 
 ARIS 19190M001         U        0.04641          2.34061    0.00168          2.29420 meters  2026-02-19 19:00:00                     61090.79167   182 #TRP 
 ARIS 19190M001         U        0.04755          2.34175    0.00133          2.29420 meters  2026-02-19 20:00:00                     61090.83333   183 #TRP 
 ARIS 19190M001         U        0.05461          2.34881    0.00137          2.29420 meters  2026-02-19 21:00:00                     61090.87500   184 #TRP 
 ARIS 19190M001         U        0.06346          2.35767    0.00158          2.29420 meters  2026-02-19 22:00:00                     61090.91667   185 #TRP 
 ARIS 19190M001         U        0.06569          2.35990    0.00142          2.29421 meters  2026-02-19 23:00:00                     61090.95833   186 #TRP 
 ARIS 19190M001         N       -0.00202         -0.00202    0.00012          0.00000 meters  2026-02-20 00:00:00                     61091.00000   187 #TRP 
 ARIS 19190M001         E        0.00031          0.00031    0.00008          0.00000 meters  2026-02-20 00:00:00                     61091.00000   188 #TRP 
 ARIS 19190M001         U        0.06800          2.36221    0.00214          2.29421 meters  2026-02-20 00:00:00                     61091.00000   189 #TRP 
 BOR1 12205M002         N       -0.00060         -0.00060    0.00004          0.00000 meters  2026-02-19 00:00:00                     61090.00000   190 #TRP 
 BOR1 12205M002         E       -0.00046         -0.00046    0.00004          0.00000 meters  2026-02-19 00:00:00                     61090.00000   191 #TRP 
 BOR1 12205M002         U        0.01487          2.30302    0.00090          2.28816 meters  2026-02-19 00:00:00                     61090.00000   192 #TRP 
 BOR1 12205M002         U        0.01511          2.30327    0.00069          2.28816 meters  2026-02-19 01:00:00                     61090.04167   193 #TRP 
 BOR1 12205M002         U        0.01263          2.30079    0.00061          2.28816 meters  2026-02-19 02:00:00                     61090.08333   194 #TRP 
 BOR1 12205M002         U        0.01277          2.30093    0.00061          2.28816 meters  2026-02-19 03:00:00                     61090.12500   195 #TRP 
 BOR1 12205M002         U        0.01336          2.30152    0.00060          2.28816 meters  2026-02-19 04:00:00                     61090.16667   196 #TRP 
 BOR1 12205M002         U        0.01584          2.30400    0.00057          2.28816 meters  2026-02-19 05:00:00                     61090.20833   197 #TRP 
 BOR1 12205M002         U        0.01791          2.30607    0.00062          2.28816 meters  2026-02-19 06:00:00                     61090.25000   198 #TRP 
 BOR1 12205M002         U        0.01536          2.30353    0.00062          2.28816 meters  2026-02-19 07:00:00                     61090.29167   199 #TRP 
 BOR1 12205M002         U        0.01645          2.30462    0.00061          2.28816 meters  2026-02-19 08:00:00                     61090.33333   200 #TRP 
 BOR1 12205M002         U        0.01850          2.30666    0.00064          2.28816 meters  2026-02-19 09:00:00                     61090.37500   201 #TRP 
 BOR1 12205M002         U        0.01934          2.30751    0.00067          2.28816 meters  2026-02-19 10:00:00                     61090.41667   202 #TRP 
 BOR1 12205M002         U        0.01972          2.30789    0.00056          2.28816 meters  2026-02-19 11:00:00                     61090.45833   203 #TRP 
 BOR1 12205M002         U        0.02035          2.30851    0.00060          2.28817 meters  2026-02-19 12:00:00                     61090.50000   204 #TRP 
 BOR1 12205M002         U        0.02176          2.30992    0.00061          2.28817 meters  2026-02-19 13:00:00                     61090.54167   205 #TRP 
 BOR1 12205M002         U        0.01979          2.30795    0.00063          2.28817 meters  2026-02-19 14:00:00                     61090.58333   206 #TRP 
 BOR1 12205M002         U        0.02322          2.31138    0.00065          2.28817 meters  2026-02-19 15:00:00                     61090.62500   207 #TRP 
 BOR1 12205M002         U        0.02184          2.31001    0.00065          2.28817 meters  2026-02-19 16:00:00                     61090.66667   208 #TRP 
 BOR1 12205M002         U        0.02409          2.31226    0.00062          2.28817 meters  2026-02-19 17:00:00                     61090.70833   209 #TRP 
 BOR1 12205M002         U        0.02373          2.31190    0.00066          2.28817 meters  2026-02-19 18:00:00                     61090.75000   210 #TRP 
 BOR1 12205M002         U        0.02252          2.31069    0.00063          2.28817 meters  2026-02-19 19:00:00                     61090.79167   211 #TRP 
 BOR1 12205M002         U        0.02315          2.31132    0.00063          2.28817 meters  2026-02-19 20:00:00                     61090.83333   212 #TRP 
 BOR1 12205M002         U        0.02404          2.31221    0.00073          2.28817 meters  2026-02-19 21:00:00                     61090.87500   213 #TRP 
 BOR1 12205M002         U        0.02422          2.31239    0.00075          2.28817 meters  2026-02-19 22:00:00                     61090.91667   214 #TRP 
 BOR1 12205M002         U        0.02680          2.31497    0.00067          2.28817 meters  2026-02-19 23:00:00                     61090.95833   215 #TRP 
 BOR1 12205M002         N       -0.00060         -0.00060    0.00004          0.00000 meters  2026-02-20 00:00:00                     61091.00000   216 #TRP 
 BOR1 12205M002         E       -0.00037         -0.00037    0.00004          0.00000 meters  2026-02-20 00:00:00                     61091.00000   217 #TRP 
 BOR1 12205M002         U        0.02854          2.31672    0.00099          2.28817 meters  2026-02-20 00:00:00                     61091.00000   218 #TRP 
 BRST 10004M004         N       -0.00068         -0.00068    0.00005          0.00000 meters  2026-02-19 00:00:00                     61090.00000   219 #TRP 
 BRST 10004M004         E       -0.00041         -0.00041    0.00006          0.00000 meters  2026-02-19 00:00:00                     61090.00000   220 #TRP 
 BRST 10004M004         U        0.04379          2.35908    0.00103          2.31528 meters  2026-02-19 00:00:00                     61090.00000   221 #TRP 
 BRST 10004M004         U        0.04111          2.35639    0.00072          2.31528 meters  2026-02-19 01:00:00                     61090.04167   222 #TRP 
 BRST 10004M004         U        0.04058          2.35586    0.00067          2.31528 meters  2026-02-19 02:00:00                     61090.08333   223 #TRP 
 BRST 10004M004         U        0.04317          2.35845    0.00069          2.31528 meters  2026-02-19 03:00:00                     61090.12500   224 #TRP 
 BRST 10004M004         U        0.05714          2.37242    0.00071          2.31528 meters  2026-02-19 04:00:00                     61090.16667   225 #TRP 
 BRST 10004M004         U        0.06247          2.37775    0.00055          2.31528 meters  2026-02-19 05:00:00                     61090.20833   226 #TRP 
 BRST 10004M004         U        0.06560          2.38087    0.00068          2.31528 meters  2026-02-19 06:00:00                     61090.25000   227 #TRP 
 BRST 10004M004         U        0.06403          2.37930    0.00064          2.31527 meters  2026-02-19 07:00:00                     61090.29167   228 #TRP 
 BRST 10004M004         U        0.06814          2.38341    0.00058          2.31527 meters  2026-02-19 08:00:00                     61090.33333   229 #TRP 
 BRST 10004M004         U        0.06565          2.38092    0.00060          2.31527 meters  2026-02-19 09:00:00                     61090.37500   230 #TRP 
 BRST 10004M004         U        0.07145          2.38672    0.00065          2.31527 meters  2026-02-19 10:00:00                     61090.41667   231 #TRP 
 BRST 10004M004         U        0.06456          2.37983    0.00061          2.31527 meters  2026-02-19 11:00:00                     61090.45833   232 #TRP 
 BRST 10004M004         U        0.07018          2.38545    0.00070          2.31527 meters  2026-02-19 12:00:00                     61090.50000   233 #TRP 
 BRST 10004M004         U        0.06782          2.38309    0.00063          2.31527 meters  2026-02-19 13:00:00                     61090.54167   234 #TRP 
 BRST 10004M004         U        0.07830          2.39357    0.00070          2.31527 meters  2026-02-19 14:00:00                     61090.58333   235 #TRP 
 BRST 10004M004         U        0.08024          2.39551    0.00109          2.31527 meters  2026-02-19 15:00:00                     61090.62500   236 #TRP 
 BRST 10004M004         U        0.06856          2.38382    0.00108          2.31527 meters  2026-02-19 16:00:00                     61090.66667   237 #TRP 
 BRST 10004M004         U        0.06036          2.37563    0.00108          2.31527 meters  2026-02-19 17:00:00                     61090.70833   238 #TRP 
 BRST 10004M004         U        0.05954          2.37480    0.00113          2.31526 meters  2026-02-19 18:00:00                     61090.75000   239 #TRP 
 BRST 10004M004         U        0.05722          2.37248    0.00122          2.31526 meters  2026-02-19 19:00:00                     61090.79167   240 #TRP 
 BRST 10004M004         U        0.05384          2.36910    0.00120          2.31526 meters  2026-02-19 20:00:00                     61090.83333   241 #TRP 
 BRST 10004M004         U        0.06828          2.38354    0.00115          2.31526 meters  2026-02-19 21:00:00                     61090.87500   242 #TRP 
 BRST 10004M004         U        0.07819          2.39345    0.00128          2.31526 meters  2026-02-19 22:00:00                     61090.91667   243 #TRP 
 BRST 10004M004         U        0.08548          2.40073    0.00131          2.31526 meters  2026-02-19 23:00:00                     61090.95833   244 #TRP 
 BRST 10004M004         N       -0.00033         -0.00033    0.00006          0.00000 meters  2026-02-20 00:00:00                     61091.00000   245 #TRP 
 BRST 10004M004         E       -0.00117         -0.00117    0.00007          0.00000 meters  2026-02-20 00:00:00                     61091.00000   246 #TRP 
 BRST 10004M004         U        0.09782          2.41308    0.00168          2.31526 meters  2026-02-20 00:00:00                     61091.00000   247 #TRP 
 BUDD 10101S001         N       -0.00070         -0.00070    0.00005          0.00000 meters  2026-02-19 00:00:00                     61090.00000   248 #TRP 
 BUDD 10101S001         E       -0.00032         -0.00032    0.00004          0.00000 meters  2026-02-19 00:00:00                     61090.00000   249 #TRP 
 BUDD 10101S001         U        0.03521          2.32698    0.00085          2.29177 meters  2026-02-19 00:00:00                     61090.00000   250 #TRP 
 BUDD 10101S001         U        0.02378          2.31554    0.00069          2.29177 meters  2026-02-19 01:00:00                     61090.04167   251 #TRP 
 BUDD 10101S001         U        0.01798          2.30975    0.00062          2.29177 meters  2026-02-19 02:00:00                     61090.08333   252 #TRP 
 BUDD 10101S001         U        0.01930          2.31107    0.00067          2.29177 meters  2026-02-19 03:00:00                     61090.12500   253 #TRP 
 BUDD 10101S001         U        0.01748          2.30926    0.00067          2.29177 meters  2026-02-19 04:00:00                     61090.16667   254 #TRP 
 BUDD 10101S001         U        0.02081          2.31259    0.00060          2.29177 meters  2026-02-19 05:00:00                     61090.20833   255 #TRP 
 BUDD 10101S001         U        0.02242          2.31420    0.00063          2.29177 meters  2026-02-19 06:00:00                     61090.25000   256 #TRP 
 BUDD 10101S001         U        0.02121          2.31298    0.00065          2.29178 meters  2026-02-19 07:00:00                     61090.29167   257 #TRP 
 BUDD 10101S001         U        0.02255          2.31433    0.00062          2.29178 meters  2026-02-19 08:00:00                     61090.33333   258 #TRP 
 BUDD 10101S001         U        0.02221          2.31399    0.00063          2.29178 meters  2026-02-19 09:00:00                     61090.37500   259 #TRP 
 BUDD 10101S001         U        0.02388          2.31566    0.00067          2.29178 meters  2026-02-19 10:00:00                     61090.41667   260 #TRP 
 BUDD 10101S001         U        0.02252          2.31430    0.00057          2.29178 meters  2026-02-19 11:00:00                     61090.45833   261 #TRP 
 BUDD 10101S001         U        0.02366          2.31544    0.00064          2.29178 meters  2026-02-19 12:00:00                     61090.50000   262 #TRP 
 BUDD 10101S001         U        0.02375          2.31553    0.00062          2.29178 meters  2026-02-19 13:00:00                     61090.54167   263 #TRP 
 BUDD 10101S001         U        0.02149          2.31327    0.00064          2.29178 meters  2026-02-19 14:00:00                     61090.58333   264 #TRP 
 BUDD 10101S001         U        0.02602          2.31780    0.00067          2.29179 meters  2026-02-19 15:00:00                     61090.62500   265 #TRP 
 BUDD 10101S001         U        0.02467          2.31645    0.00064          2.29179 meters  2026-02-19 16:00:00                     61090.66667   266 #TRP 
 BUDD 10101S001         U        0.02831          2.32010    0.00059          2.29179 meters  2026-02-19 17:00:00                     61090.70833   267 #TRP 
 BUDD 10101S001         U        0.02708          2.31887    0.00068          2.29179 meters  2026-02-19 18:00:00                     61090.75000   268 #TRP 
 BUDD 10101S001         U        0.02908          2.32087    0.00067          2.29179 meters  2026-02-19 19:00:00                     61090.79167   269 #TRP 
 BUDD 10101S001         U        0.03110          2.32289    0.00068          2.29179 meters  2026-02-19 20:00:00                     61090.83333   270 #TRP 
 BUDD 10101S001         U        0.03454          2.32634    0.00074          2.29179 meters  2026-02-19 21:00:00                     61090.87500   271 #TRP 
 BUDD 10101S001         U        0.03535          2.32715    0.00072          2.29179 meters  2026-02-19 22:00:00                     61090.91667   272 #TRP 
 BUDD 10101S001         U        0.03891          2.33071    0.00068          2.29180 meters  2026-02-19 23:00:00                     61090.95833   273 #TRP 
 BUDD 10101S001         N       -0.00019         -0.00019    0.00005          0.00000 meters  2026-02-20 00:00:00                     61091.00000   274 #TRP 
 BUDD 10101S001         E       -0.00021         -0.00021    0.00004          0.00000 meters  2026-02-20 00:00:00                     61091.00000   275 #TRP 
 BUDD 10101S001         U        0.04231          2.33411    0.00094          2.29180 meters  2026-02-20 00:00:00                     61091.00000   276 #TRP 
 CLIB 11526M001         N       -0.00063         -0.00063    0.00004          0.00000 meters  2026-02-19 00:00:00                     61090.00000   277 #TRP 
 CLIB 11526M001         E       -0.00026         -0.00026    0.00004          0.00000 meters  2026-02-19 00:00:00                     61090.00000   278 #TRP 
 CLIB 11526M001         U        0.01003          2.21513    0.00081          2.20510 meters  2026-02-19 00:00:00                     61090.00000   279 #TRP 
 CLIB 11526M001         U        0.00999          2.21509    0.00066          2.20510 meters  2026-02-19 01:00:00                     61090.04167   280 #TRP 
 CLIB 11526M001         U        0.00867          2.21377    0.00060          2.20510 meters  2026-02-19 02:00:00                     61090.08333   281 #TRP 
 CLIB 11526M001         U        0.00484          2.20994    0.00058          2.20510 meters  2026-02-19 03:00:00                     61090.12500   282 #TRP 
 CLIB 11526M001         U        0.00257          2.20767    0.00059          2.20510 meters  2026-02-19 04:00:00                     61090.16667   283 #TRP 
 CLIB 11526M001         U        0.00623          2.21134    0.00053          2.20510 meters  2026-02-19 05:00:00                     61090.20833   284 #TRP 
 CLIB 11526M001         U        0.00874          2.21384    0.00058          2.20510 meters  2026-02-19 06:00:00                     61090.25000   285 #TRP 
 CLIB 11526M001         U        0.00450          2.20960    0.00060          2.20510 meters  2026-02-19 07:00:00                     61090.29167   286 #TRP 
 CLIB 11526M001         U        0.00893          2.21403    0.00057          2.20510 meters  2026-02-19 08:00:00                     61090.33333   287 #TRP 
 CLIB 11526M001         U        0.01265          2.21775    0.00063          2.20510 meters  2026-02-19 09:00:00                     61090.37500   288 #TRP 
 CLIB 11526M001         U        0.01420          2.21930    0.00063          2.20510 meters  2026-02-19 10:00:00                     61090.41667   289 #TRP 
 CLIB 11526M001         U        0.01691          2.22201    0.00053          2.20510 meters  2026-02-19 11:00:00                     61090.45833   290 #TRP 
 CLIB 11526M001         U        0.01123          2.21633    0.00057          2.20510 meters  2026-02-19 12:00:00                     61090.50000   291 #TRP 
 CLIB 11526M001         U        0.01032          2.21542    0.00057          2.20510 meters  2026-02-19 13:00:00                     61090.54167   292 #TRP 
 CLIB 11526M001         U        0.01001          2.21511    0.00060          2.20510 meters  2026-02-19 14:00:00                     61090.58333   293 #TRP 
 CLIB 11526M001         U        0.01202          2.21712    0.00065          2.20510 meters  2026-02-19 15:00:00                     61090.62500   294 #TRP 
 CLIB 11526M001         U        0.00943          2.21453    0.00060          2.20510 meters  2026-02-19 16:00:00                     61090.66667   295 #TRP 
 CLIB 11526M001         U        0.00840          2.21350    0.00061          2.20510 meters  2026-02-19 17:00:00                     61090.70833   296 #TRP 
 CLIB 11526M001         U        0.00919          2.21429    0.00064          2.20510 meters  2026-02-19 18:00:00                     61090.75000   297 #TRP 
 CLIB 11526M001         U        0.00886          2.21396    0.00061          2.20510 meters  2026-02-19 19:00:00                     61090.79167   298 #TRP 
 CLIB 11526M001         U        0.00956          2.21466    0.00062          2.20510 meters  2026-02-19 20:00:00                     61090.83333   299 #TRP 
 CLIB 11526M001         U        0.01358          2.21868    0.00069          2.20510 meters  2026-02-19 21:00:00                     61090.87500   300 #TRP 
 CLIB 11526M001         U        0.00834          2.21345    0.00072          2.20510 meters  2026-02-19 22:00:00                     61090.91667   301 #TRP 
 CLIB 11526M001         U        0.00959          2.21469    0.00067          2.20510 meters  2026-02-19 23:00:00                     61090.95833   302 #TRP 
 CLIB 11526M001         N       -0.00070         -0.00070    0.00004          0.00000 meters  2026-02-20 00:00:00                     61091.00000   303 #TRP 
 CLIB 11526M001         E       -0.00034         -0.00034    0.00004          0.00000 meters  2026-02-20 00:00:00                     61091.00000   304 #TRP 
 CLIB 11526M001         U        0.01170          2.21680    0.00092          2.20510 meters  2026-02-20 00:00:00                     61091.00000   305 #TRP 
 CTAB 11529M001         N       -0.00080         -0.00080    0.00004          0.00000 meters  2026-02-19 00:00:00                     61090.00000   306 #TRP 
 CTAB 11529M001         E       -0.00044         -0.00044    0.00004          0.00000 meters  2026-02-19 00:00:00                     61090.00000   307 #TRP 
 CTAB 11529M001         U        0.01685          2.21153    0.00083          2.19469 meters  2026-02-19 00:00:00                     61090.00000   308 #TRP 
 CTAB 11529M001         U        0.01619          2.21087    0.00067          2.19469 meters  2026-02-19 01:00:00                     61090.04167   309 #TRP 
 CTAB 11529M001         U        0.01452          2.20920    0.00061          2.19469 meters  2026-02-19 02:00:00                     61090.08333   310 #TRP 
 CTAB 11529M001         U        0.01237          2.20706    0.00058          2.19469 meters  2026-02-19 03:00:00                     61090.12500   311 #TRP 
 CTAB 11529M001         U        0.01533          2.21002    0.00058          2.19469 meters  2026-02-19 04:00:00                     61090.16667   312 #TRP 
 CTAB 11529M001         U        0.01800          2.21268    0.00054          2.19469 meters  2026-02-19 05:00:00                     61090.20833   313 #TRP 
 CTAB 11529M001         U        0.02407          2.21875    0.00061          2.19469 meters  2026-02-19 06:00:00                     61090.25000   314 #TRP 
 CTAB 11529M001         U        0.02331          2.21800    0.00061          2.19469 meters  2026-02-19 07:00:00                     61090.29167   315 #TRP 
 CTAB 11529M001         U        0.02900          2.22368    0.00057          2.19468 meters  2026-02-19 08:00:00                     61090.33333   316 #TRP 
 CTAB 11529M001         U        0.03390          2.22859    0.00063          2.19468 meters  2026-02-19 09:00:00                     61090.37500   317 #TRP 
 CTAB 11529M001         U        0.03571          2.23039    0.00065          2.19468 meters  2026-02-19 10:00:00                     61090.41667   318 #TRP 
 CTAB 11529M001         U        0.03726          2.23195    0.00053          2.19468 meters  2026-02-19 11:00:00                     61090.45833   319 #TRP 
 CTAB 11529M001         U        0.03931          2.23400    0.00056          2.19468 meters  2026-02-19 12:00:00                     61090.50000   320 #TRP 
 CTAB 11529M001         U        0.04029          2.23498    0.00057          2.19468 meters  2026-02-19 13:00:00                     61090.54167   321 #TRP 
 CTAB 11529M001         U        0.03809          2.23277    0.00061          2.19468 meters  2026-02-19 14:00:00                     61090.58333   322 #TRP 
 CTAB 11529M001         U        0.03827          2.23295    0.00065          2.19468 meters  2026-02-19 15:00:00                     61090.62500   323 #TRP 
 CTAB 11529M001         U        0.03386          2.22854    0.00063          2.19468 meters  2026-02-19 16:00:00                     61090.66667   324 #TRP 
 CTAB 11529M001         U        0.03331          2.22799    0.00062          2.19468 meters  2026-02-19 17:00:00                     61090.70833   325 #TRP 
 CTAB 11529M001         U        0.03408          2.22876    0.00064          2.19468 meters  2026-02-19 18:00:00                     61090.75000   326 #TRP 
 CTAB 11529M001         U        0.03457          2.22926    0.00062          2.19468 meters  2026-02-19 19:00:00                     61090.79167   327 #TRP 
 CTAB 11529M001         U        0.03392          2.22860    0.00064          2.19468 meters  2026-02-19 20:00:00                     61090.83333   328 #TRP 
 CTAB 11529M001         U        0.03514          2.22982    0.00071          2.19468 meters  2026-02-19 21:00:00                     61090.87500   329 #TRP 
 CTAB 11529M001         U        0.03647          2.23115    0.00073          2.19468 meters  2026-02-19 22:00:00                     61090.91667   330 #TRP 
 CTAB 11529M001         U        0.03874          2.23342    0.00067          2.19468 meters  2026-02-19 23:00:00                     61090.95833   331 #TRP 
 CTAB 11529M001         N       -0.00116         -0.00116    0.00004          0.00000 meters  2026-02-20 00:00:00                     61091.00000   332 #TRP 
 CTAB 11529M001         E       -0.00023         -0.00023    0.00004          0.00000 meters  2026-02-20 00:00:00                     61091.00000   333 #TRP 
 CTAB 11529M001         U        0.04019          2.23487    0.00092          2.19468 meters  2026-02-20 00:00:00                     61091.00000   334 #TRP 
 DEVA 11408M001         N       -0.00064         -0.00064    0.00007          0.00000 meters  2026-02-19 00:00:00                     61090.00000   335 #TRP 
 DEVA 11408M001         E       -0.00049         -0.00049    0.00006          0.00000 meters  2026-02-19 00:00:00                     61090.00000   336 #TRP 
 DEVA 11408M001         U        0.03728          2.29753    0.00116          2.26024 meters  2026-02-19 00:00:00                     61090.00000   337 #TRP 
 DEVA 11408M001         U        0.03774          2.29798    0.00095          2.26024 meters  2026-02-19 01:00:00                     61090.04167   338 #TRP 
 DEVA 11408M001         U        0.03581          2.29605    0.00086          2.26024 meters  2026-02-19 02:00:00                     61090.08333   339 #TRP 
 DEVA 11408M001         U        0.03841          2.29865    0.00099          2.26024 meters  2026-02-19 03:00:00                     61090.12500   340 #TRP 
 DEVA 11408M001         U        0.03843          2.29867    0.00098          2.26024 meters  2026-02-19 04:00:00                     61090.16667   341 #TRP 
 DEVA 11408M001         U        0.04940          2.30964    0.00076          2.26024 meters  2026-02-19 05:00:00                     61090.20833   342 #TRP 
 DEVA 11408M001         U        0.06144          2.32168    0.00078          2.26024 meters  2026-02-19 06:00:00                     61090.25000   343 #TRP 
 DEVA 11408M001         U        0.05958          2.31982    0.00084          2.26024 meters  2026-02-19 07:00:00                     61090.29167   344 #TRP 
 DEVA 11408M001         U        0.05769          2.31793    0.00075          2.26024 meters  2026-02-19 08:00:00                     61090.33333   345 #TRP 
 DEVA 11408M001         U        0.06414          2.32437    0.00095          2.26024 meters  2026-02-19 09:00:00                     61090.37500   346 #TRP 
 DEVA 11408M001         U        0.06651          2.32675    0.00091          2.26024 meters  2026-02-19 10:00:00                     61090.41667   347 #TRP 
 DEVA 11408M001         U        0.06843          2.32866    0.00080          2.26023 meters  2026-02-19 11:00:00                     61090.45833   348 #TRP 
 DEVA 11408M001         U        0.07125          2.33148    0.00084          2.26023 meters  2026-02-19 12:00:00                     61090.50000   349 #TRP 
 DEVA 11408M001         U        0.06484          2.32507    0.00080          2.26023 meters  2026-02-19 13:00:00                     61090.54167   350 #TRP 
 DEVA 11408M001         U        0.05540          2.31563    0.00083          2.26023 meters  2026-02-19 14:00:00                     61090.58333   351 #TRP 
 DEVA 11408M001         U        0.05596          2.31619    0.00091          2.26023 meters  2026-02-19 15:00:00                     61090.62500   352 #TRP 
 DEVA 11408M001         U        0.05664          2.31687    0.00090          2.26023 meters  2026-02-19 16:00:00                     61090.66667   353 #TRP 
 DEVA 11408M001         U        0.06041          2.32064    0.00106          2.26023 meters  2026-02-19 17:00:00                     61090.70833   354 #TRP 
 DEVA 11408M001         U        0.06573          2.32596    0.00102          2.26023 meters  2026-02-19 18:00:00                     61090.75000   355 #TRP 
 DEVA 11408M001         U        0.06604          2.32627    0.00088          2.26023 meters  2026-02-19 19:00:00                     61090.79167   356 #TRP 
 DEVA 11408M001         U        0.06859          2.32882    0.00116          2.26023 meters  2026-02-19 20:00:00                     61090.83333   357 #TRP 
 DEVA 11408M001         U        0.07306          2.33329    0.00150          2.26023 meters  2026-02-19 21:00:00                     61090.87500   358 #TRP 
 DEVA 11408M001         U        0.07460          2.33483    0.00117          2.26023 meters  2026-02-19 22:00:00                     61090.91667   359 #TRP 
 DEVA 11408M001         U        0.07794          2.33816    0.00084          2.26023 meters  2026-02-19 23:00:00                     61090.95833   360 #TRP 
 DEVA 11408M001         N       -0.00023         -0.00023    0.00007          0.00000 meters  2026-02-20 00:00:00                     61091.00000   361 #TRP 
 DEVA 11408M001         E       -0.00017         -0.00017    0.00006          0.00000 meters  2026-02-20 00:00:00                     61091.00000   362 #TRP 
 DEVA 11408M001         U        0.07677          2.33699    0.00127          2.26023 meters  2026-02-20 00:00:00                     61091.00000   363 #TRP 
 DLF1 13502M009         N       -0.00021         -0.00021    0.00005          0.00000 meters  2026-02-19 00:00:00                     61090.00000   364 #TRP 
 DLF1 13502M009         E        0.00008          0.00008    0.00005          0.00000 meters  2026-02-19 00:00:00                     61090.00000   365 #TRP 
 DLF1 13502M009         U        0.05405          2.35949    0.00097          2.30544 meters  2026-02-19 00:00:00                     61090.00000   366 #TRP 
 DLF1 13502M009         U        0.05882          2.36425    0.00064          2.30544 meters  2026-02-19 01:00:00                     61090.04167   367 #TRP 
 DLF1 13502M009         U        0.05968          2.36511    0.00068          2.30544 meters  2026-02-19 02:00:00                     61090.08333   368 #TRP 
 DLF1 13502M009         U        0.05960          2.36503    0.00066          2.30544 meters  2026-02-19 03:00:00                     61090.12500   369 #TRP 
 DLF1 13502M009         U        0.05928          2.36471    0.00068          2.30544 meters  2026-02-19 04:00:00                     61090.16667   370 #TRP 
 DLF1 13502M009         U        0.05881          2.36424    0.00058          2.30544 meters  2026-02-19 05:00:00                     61090.20833   371 #TRP 
 DLF1 13502M009         U        0.06195          2.36739    0.00072          2.30543 meters  2026-02-19 06:00:00                     61090.25000   372 #TRP 
 DLF1 13502M009         U        0.06121          2.36665    0.00063          2.30543 meters  2026-02-19 07:00:00                     61090.29167   373 #TRP 
 DLF1 13502M009         U        0.06099          2.36642    0.00060          2.30543 meters  2026-02-19 08:00:00                     61090.33333   374 #TRP 
 DLF1 13502M009         U        0.06203          2.36746    0.00064          2.30543 meters  2026-02-19 09:00:00                     61090.37500   375 #TRP 
 DLF1 13502M009         U        0.06227          2.36770    0.00066          2.30543 meters  2026-02-19 10:00:00                     61090.41667   376 #TRP 
 DLF1 13502M009         U        0.06030          2.36573    0.00060          2.30543 meters  2026-02-19 11:00:00                     61090.45833   377 #TRP 
 DLF1 13502M009         U        0.06224          2.36767    0.00066          2.30543 meters  2026-02-19 12:00:00                     61090.50000   378 #TRP 
 DLF1 13502M009         U        0.06025          2.36568    0.00062          2.30543 meters  2026-02-19 13:00:00                     61090.54167   379 #TRP 
 DLF1 13502M009         U        0.05797          2.36340    0.00067          2.30543 meters  2026-02-19 14:00:00                     61090.58333   380 #TRP 
 DLF1 13502M009         U        0.06232          2.36775    0.00081          2.30543 meters  2026-02-19 15:00:00                     61090.62500   381 #TRP 
 DLF1 13502M009         U        0.06143          2.36686    0.00073          2.30543 meters  2026-02-19 16:00:00                     61090.66667   382 #TRP 
 DLF1 13502M009         U        0.06674          2.37217    0.00066          2.30543 meters  2026-02-19 17:00:00                     61090.70833   383 #TRP 
 DLF1 13502M009         U        0.07074          2.37617    0.00082          2.30543 meters  2026-02-19 18:00:00                     61090.75000   384 #TRP 
 DLF1 13502M009         U        0.07389          2.37933    0.00076          2.30543 meters  2026-02-19 19:00:00                     61090.79167   385 #TRP 
 DLF1 13502M009         U        0.07283          2.37826    0.00069          2.30543 meters  2026-02-19 20:00:00                     61090.83333   386 #TRP 
 DLF1 13502M009         U        0.07291          2.37834    0.00075          2.30543 meters  2026-02-19 21:00:00                     61090.87500   387 #TRP 
 DLF1 13502M009         U        0.07114          2.37657    0.00077          2.30543 meters  2026-02-19 22:00:00                     61090.91667   388 #TRP 
 DLF1 13502M009         U        0.08162          2.38705    0.00072          2.30543 meters  2026-02-19 23:00:00                     61090.95833   389 #TRP 
 DLF1 13502M009         N        0.00024          0.00024    0.00005          0.00000 meters  2026-02-20 00:00:00                     61091.00000   390 #TRP 
 DLF1 13502M009         E       -0.00009         -0.00009    0.00006          0.00000 meters  2026-02-20 00:00:00                     61091.00000   391 #TRP 
 DLF1 13502M009         U        0.08525          2.39068    0.00102          2.30543 meters  2026-02-20 00:00:00                     61091.00000   392 #TRP 
 GJML 12121M001         N       -0.00023         -0.00023    0.00008          0.00000 meters  2026-02-19 00:00:00                     61090.00000   393 #TRP 
 GJML 12121M001         E       -0.00047         -0.00047    0.00007          0.00000 meters  2026-02-19 00:00:00                     61090.00000   394 #TRP 
 GJML 12121M001         U        0.05081          2.27514    0.00129          2.22432 meters  2026-02-19 00:00:00                     61090.00000   395 #TRP 
 GJML 12121M001         U        0.05011          2.27443    0.00100          2.22432 meters  2026-02-19 01:00:00                     61090.04167   396 #TRP 
 GJML 12121M001         U        0.05137          2.27569    0.00091          2.22432 meters  2026-02-19 02:00:00                     61090.08333   397 #TRP 
 GJML 12121M001         U        0.05417          2.27849    0.00101          2.22432 meters  2026-02-19 03:00:00                     61090.12500   398 #TRP 
 GJML 12121M001         U        0.05712          2.28144    0.00104          2.22432 meters  2026-02-19 04:00:00                     61090.16667   399 #TRP 
 GJML 12121M001         U        0.05294          2.27726    0.00085          2.22432 meters  2026-02-19 05:00:00                     61090.20833   400 #TRP 
 GJML 12121M001         U        0.05068          2.27500    0.00097          2.22432 meters  2026-02-19 06:00:00                     61090.25000   401 #TRP 
 GJML 12121M001         U        0.05214          2.27646    0.00095          2.22431 meters  2026-02-19 07:00:00                     61090.29167   402 #TRP 
 GJML 12121M001         U        0.05409          2.27841    0.00084          2.22431 meters  2026-02-19 08:00:00                     61090.33333   403 #TRP 
 GJML 12121M001         U        0.05942          2.28373    0.00097          2.22431 meters  2026-02-19 09:00:00                     61090.37500   404 #TRP 
 GJML 12121M001         U        0.06246          2.28677    0.00098          2.22431 meters  2026-02-19 10:00:00                     61090.41667   405 #TRP 
 GJML 12121M001         U        0.06152          2.28583    0.00084          2.22431 meters  2026-02-19 11:00:00                     61090.45833   406 #TRP 
 GJML 12121M001         U        0.06341          2.28772    0.00091          2.22431 meters  2026-02-19 12:00:00                     61090.50000   407 #TRP 
 GJML 12121M001         U        0.06633          2.29064    0.00087          2.22431 meters  2026-02-19 13:00:00                     61090.54167   408 #TRP 
 GJML 12121M001         U        0.06240          2.28671    0.00087          2.22431 meters  2026-02-19 14:00:00                     61090.58333   409 #TRP 
 GJML 12121M001         U        0.06609          2.29040    0.00098          2.22431 meters  2026-02-19 15:00:00                     61090.62500   410 #TRP 
 GJML 12121M001         U        0.05938          2.28368    0.00096          2.22431 meters  2026-02-19 16:00:00                     61090.66667   411 #TRP 
 GJML 12121M001         U        0.06509          2.28940    0.00107          2.22430 meters  2026-02-19 17:00:00                     61090.70833   412 #TRP 
 GJML 12121M001         U        0.06664          2.29094    0.00110          2.22430 meters  2026-02-19 18:00:00                     61090.75000   413 #TRP 
 GJML 12121M001         U        0.05908          2.28338    0.00086          2.22430 meters  2026-02-19 19:00:00                     61090.79167   414 #TRP 
 GJML 12121M001         U        0.05978          2.28408    0.00121          2.22430 meters  2026-02-19 20:00:00                     61090.83333   415 #TRP 
 GJML 12121M001         U        0.06566          2.28996    0.00167          2.22430 meters  2026-02-19 21:00:00                     61090.87500   416 #TRP 
 GJML 12121M001         U        0.06015          2.28445    0.00132          2.22430 meters  2026-02-19 22:00:00                     61090.91667   417 #TRP 
 GJML 12121M001         U        0.06063          2.28492    0.00094          2.22430 meters  2026-02-19 23:00:00                     61090.95833   418 #TRP 
 GJML 12121M001         N       -0.00042         -0.00042    0.00009          0.00000 meters  2026-02-20 00:00:00                     61091.00000   419 #TRP 
 GJML 12121M001         E        0.00028          0.00028    0.00007          0.00000 meters  2026-02-20 00:00:00                     61091.00000   420 #TRP 
 GJML 12121M001         U        0.06703          2.29133    0.00136          2.22430 meters  2026-02-20 00:00:00                     61091.00000   421 #TRP 
 GLSV 12356M001         N        0.00054          0.00054    0.00010          0.00000 meters  2026-02-19 00:00:00                     61090.00000   422 #TRP 
 GLSV 12356M001         E        0.00103          0.00103    0.00011          0.00000 meters  2026-02-19 00:00:00                     61090.00000   423 #TRP 
 GLSV 12356M001         U        0.03603          2.29439    0.00325          2.25836 meters  2026-02-19 04:00:00                     61090.16667   424 #TRP 
 GLSV 12356M001         U        0.03241          2.29077    0.00094          2.25836 meters  2026-02-19 05:00:00                     61090.20833   425 #TRP 
 GLSV 12356M001         U        0.03041          2.28877    0.00089          2.25836 meters  2026-02-19 06:00:00                     61090.25000   426 #TRP 
 GLSV 12356M001         U        0.02820          2.28656    0.00096          2.25836 meters  2026-02-19 07:00:00                     61090.29167   427 #TRP 
 GLSV 12356M001         U        0.02425          2.28261    0.00092          2.25836 meters  2026-02-19 08:00:00                     61090.33333   428 #TRP 
 GLSV 12356M001         U        0.00799          2.26635    0.00231          2.25836 meters  2026-02-19 09:00:00                     61090.37500   429 #TRP 
 GLSV 12356M001         U        0.02290          2.28126    0.00097          2.25836 meters  2026-02-19 10:00:00                     61090.41667   430 #TRP 
 GLSV 12356M001         U        0.02235          2.28071    0.00090          2.25836 meters  2026-02-19 11:00:00                     61090.45833   431 #TRP 
 GLSV 12356M001         U        0.02184          2.28020    0.00101          2.25836 meters  2026-02-19 12:00:00                     61090.50000   432 #TRP 
 GLSV 12356M001         U        0.02065          2.27901    0.00094          2.25836 meters  2026-02-19 13:00:00                     61090.54167   433 #TRP 
 GLSV 12356M001         U        0.01686          2.27522    0.00205          2.25836 meters  2026-02-19 14:00:00                     61090.58333   434 #TRP 
 GLSV 12356M001         U        0.02414          2.28250    0.00109          2.25836 meters  2026-02-19 15:00:00                     61090.62500   435 #TRP 
 GLSV 12356M001         U        0.02252          2.28088    0.00094          2.25836 meters  2026-02-19 16:00:00                     61090.66667   436 #TRP 
 GLSV 12356M001         U        0.02401          2.28237    0.00111          2.25836 meters  2026-02-19 17:00:00                     61090.70833   437 #TRP 
 GLSV 12356M001         U        0.02293          2.28129    0.00139          2.25836 meters  2026-02-19 18:00:00                     61090.75000   438 #TRP 
 GLSV 12356M001         U        0.02064          2.27900    0.00097          2.25836 meters  2026-02-19 19:00:00                     61090.79167   439 #TRP 
 GLSV 12356M001         U        0.02167          2.28004    0.00131          2.25836 meters  2026-02-19 20:00:00                     61090.83333   440 #TRP 
 GLSV 12356M001         U        0.02912          2.28748    0.00277          2.25836 meters  2026-02-19 21:00:00                     61090.87500   441 #TRP 
 GLSV 12356M001         U        0.02448          2.28284    0.00126          2.25836 meters  2026-02-19 22:00:00                     61090.91667   442 #TRP 
 GLSV 12356M001         U        0.03032          2.28868    0.00098          2.25836 meters  2026-02-19 23:00:00                     61090.95833   443 #TRP 
 GLSV 12356M001         N       -0.00158         -0.00158    0.00009          0.00000 meters  2026-02-20 00:00:00                     61091.00000   444 #TRP 
 GLSV 12356M001         E       -0.00013         -0.00013    0.00009          0.00000 meters  2026-02-20 00:00:00                     61091.00000   445 #TRP 
 GLSV 12356M001         U        0.03363          2.29199    0.00151          2.25836 meters  2026-02-20 00:00:00                     61091.00000   446 #TRP 
 GRAZ 11001M002         N       -0.00052         -0.00052    0.00004          0.00000 meters  2026-02-19 00:00:00                     61090.00000   447 #TRP 
 GRAZ 11001M002         E        0.00000          0.00000    0.00004          0.00000 meters  2026-02-19 00:00:00                     61090.00000   448 #TRP 
 GRAZ 11001M002         U        0.04994          2.23586    0.00088          2.18592 meters  2026-02-19 00:00:00                     61090.00000   449 #TRP 
 GRAZ 11001M002         U        0.04700          2.23292    0.00065          2.18592 meters  2026-02-19 01:00:00                     61090.04167   450 #TRP 
 GRAZ 11001M002         U        0.05139          2.23731    0.00057          2.18592 meters  2026-02-19 02:00:00                     61090.08333   451 #TRP 
 GRAZ 11001M002         U        0.05118          2.23709    0.00056          2.18592 meters  2026-02-19 03:00:00                     61090.12500   452 #TRP 
 GRAZ 11001M002         U        0.04914          2.23505    0.00062          2.18591 meters  2026-02-19 04:00:00                     61090.16667   453 #TRP 
 GRAZ 11001M002         U        0.05036          2.23627    0.00053          2.18591 meters  2026-02-19 05:00:00                     61090.20833   454 #TRP 
 GRAZ 11001M002         U        0.05134          2.23725    0.00064          2.18591 meters  2026-02-19 06:00:00                     61090.25000   455 #TRP 
 GRAZ 11001M002         U        0.05195          2.23787    0.00058          2.18591 meters  2026-02-19 07:00:00                     61090.29167   456 #TRP 
 GRAZ 11001M002         U        0.05662          2.24253    0.00055          2.18591 meters  2026-02-19 08:00:00                     61090.33333   457 #TRP 
 GRAZ 11001M002         U        0.05895          2.24486    0.00062          2.18591 meters  2026-02-19 09:00:00                     61090.37500   458 #TRP 
 GRAZ 11001M002         U        0.05455          2.24046    0.00062          2.18591 meters  2026-02-19 10:00:00                     61090.41667   459 #TRP 
 GRAZ 11001M002         U        0.05625          2.24216    0.00052          2.18591 meters  2026-02-19 11:00:00                     61090.45833   460 #TRP 
 GRAZ 11001M002         U        0.06276          2.24867    0.00061          2.18591 meters  2026-02-19 12:00:00                     61090.50000   461 #TRP 
 GRAZ 11001M002         U        0.06097          2.24688    0.00059          2.18591 meters  2026-02-19 13:00:00                     61090.54167   462 #TRP 
 GRAZ 11001M002         U        0.05675          2.24265    0.00059          2.18591 meters  2026-02-19 14:00:00                     61090.58333   463 #TRP 
 GRAZ 11001M002         U        0.06538          2.25129    0.00061          2.18591 meters  2026-02-19 15:00:00                     61090.62500   464 #TRP 
 GRAZ 11001M002         U        0.06559          2.25149    0.00061          2.18591 meters  2026-02-19 16:00:00                     61090.66667   465 #TRP 
 GRAZ 11001M002         U        0.06775          2.25365    0.00064          2.18590 meters  2026-02-19 17:00:00                     61090.70833   466 #TRP 
 GRAZ 11001M002         U        0.06768          2.25358    0.00063          2.18590 meters  2026-02-19 18:00:00                     61090.75000   467 #TRP 
 GRAZ 11001M002         U        0.06714          2.25305    0.00059          2.18590 meters  2026-02-19 19:00:00                     61090.79167   468 #TRP 
 GRAZ 11001M002         U        0.06489          2.25080    0.00063          2.18590 meters  2026-02-19 20:00:00                     61090.83333   469 #TRP 
 GRAZ 11001M002         U        0.06457          2.25047    0.00066          2.18590 meters  2026-02-19 21:00:00                     61090.87500   470 #TRP 
 GRAZ 11001M002         U        0.06153          2.24743    0.00068          2.18590 meters  2026-02-19 22:00:00                     61090.91667   471 #TRP 
 GRAZ 11001M002         U        0.06514          2.25104    0.00064          2.18590 meters  2026-02-19 23:00:00                     61090.95833   472 #TRP 
 GRAZ 11001M002         N       -0.00022         -0.00022    0.00004          0.00000 meters  2026-02-20 00:00:00                     61091.00000   473 #TRP 
 GRAZ 11001M002         E        0.00070          0.00070    0.00004          0.00000 meters  2026-02-20 00:00:00                     61091.00000   474 #TRP 
 GRAZ 11001M002         U        0.06696          2.25286    0.00089          2.18590 meters  2026-02-20 00:00:00                     61091.00000   475 #TRP 
 IGEO 15101M001         N       -0.00045         -0.00045    0.00008          0.00000 meters  2026-02-19 00:00:00                     61090.00000   476 #TRP 
 IGEO 15101M001         E       -0.00019         -0.00019    0.00008          0.00000 meters  2026-02-19 00:00:00                     61090.00000   477 #TRP 
 IGEO 15101M001         U        0.02589          2.32075    0.00127          2.29485 meters  2026-02-19 00:00:00                     61090.00000   478 #TRP 
 IGEO 15101M001         U        0.02243          2.31728    0.00103          2.29485 meters  2026-02-19 01:00:00                     61090.04167   479 #TRP 
 IGEO 15101M001         U        0.02052          2.31538    0.00095          2.29485 meters  2026-02-19 02:00:00                     61090.08333   480 #TRP 
 IGEO 15101M001         U        0.02603          2.32088    0.00114          2.29485 meters  2026-02-19 03:00:00                     61090.12500   481 #TRP 
 IGEO 15101M001         U        0.02974          2.32460    0.00103          2.29485 meters  2026-02-19 04:00:00                     61090.16667   482 #TRP 
 IGEO 15101M001         U        0.03459          2.32944    0.00083          2.29485 meters  2026-02-19 05:00:00                     61090.20833   483 #TRP 
 IGEO 15101M001         U        0.04375          2.33860    0.00080          2.29485 meters  2026-02-19 06:00:00                     61090.25000   484 #TRP 
 IGEO 15101M001         U        0.04378          2.33863    0.00085          2.29485 meters  2026-02-19 07:00:00                     61090.29167   485 #TRP 
 IGEO 15101M001         U        0.04408          2.33893    0.00081          2.29485 meters  2026-02-19 08:00:00                     61090.33333   486 #TRP 
 IGEO 15101M001         U        0.05039          2.34524    0.00096          2.29485 meters  2026-02-19 09:00:00                     61090.37500   487 #TRP 
 IGEO 15101M001         U        0.04860          2.34345    0.00085          2.29485 meters  2026-02-19 10:00:00                     61090.41667   488 #TRP 
 IGEO 15101M001         U        0.04627          2.34112    0.00086          2.29485 meters  2026-02-19 11:00:00                     61090.45833   489 #TRP 
 IGEO 15101M001         U        0.04683          2.34168    0.00088          2.29485 meters  2026-02-19 12:00:00                     61090.50000   490 #TRP 
 IGEO 15101M001         U        0.04417          2.33902    0.00084          2.29485 meters  2026-02-19 13:00:00                     61090.54167   491 #TRP 
 IGEO 15101M001         U        0.03929          2.33414    0.00093          2.29485 meters  2026-02-19 14:00:00                     61090.58333   492 #TRP 
 IGEO 15101M001         U        0.04001          2.33486    0.00097          2.29485 meters  2026-02-19 15:00:00                     61090.62500   493 #TRP 
 IGEO 15101M001         U        0.04848          2.34332    0.00092          2.29485 meters  2026-02-19 16:00:00                     61090.66667   494 #TRP 
 IGEO 15101M001         U        0.06127          2.35612    0.00104          2.29485 meters  2026-02-19 17:00:00                     61090.70833   495 #TRP 
 IGEO 15101M001         U        0.07340          2.36825    0.00105          2.29485 meters  2026-02-19 18:00:00                     61090.75000   496 #TRP 
 IGEO 15101M001         U        0.07276          2.36761    0.00087          2.29484 meters  2026-02-19 19:00:00                     61090.79167   497 #TRP 
 IGEO 15101M001         U        0.07679          2.37164    0.00116          2.29484 meters  2026-02-19 20:00:00                     61090.83333   498 #TRP 
 IGEO 15101M001         U        0.08352          2.37836    0.00171          2.29484 meters  2026-02-19 21:00:00                     61090.87500   499 #TRP 
 IGEO 15101M001         U        0.07791          2.37275    0.00122          2.29484 meters  2026-02-19 22:00:00                     61090.91667   500 #TRP 
 IGEO 15101M001         U        0.07664          2.37148    0.00090          2.29484 meters  2026-02-19 23:00:00                     61090.95833   501 #TRP 
 IGEO 15101M001         N       -0.00082         -0.00082    0.00008          0.00000 meters  2026-02-20 00:00:00                     61091.00000   502 #TRP 
 IGEO 15101M001         E       -0.00033         -0.00033    0.00007          0.00000 meters  2026-02-20 00:00:00                     61091.00000   503 #TRP 
 IGEO 15101M001         U        0.07658          2.37143    0.00140          2.29484 meters  2026-02-20 00:00:00                     61091.00000   504 #TRP 
 IGMI 12701M003         N       -0.00018         -0.00018    0.00008          0.00000 meters  2026-02-19 00:00:00                     61090.00000   505 #TRP 
 IGMI 12701M003         E        0.00062          0.00062    0.00007          0.00000 meters  2026-02-19 00:00:00                     61090.00000   506 #TRP 
 IGMI 12701M003         U        0.07311          2.38168    0.00142          2.30857 meters  2026-02-19 00:00:00                     61090.00000   507 #TRP 
 IGMI 12701M003         U        0.07084          2.37941    0.00096          2.30857 meters  2026-02-19 01:00:00                     61090.04167   508 #TRP 
 IGMI 12701M003         U        0.08375          2.39232    0.00092          2.30857 meters  2026-02-19 02:00:00                     61090.08333   509 #TRP 
 IGMI 12701M003         U        0.07930          2.38786    0.00093          2.30857 meters  2026-02-19 03:00:00                     61090.12500   510 #TRP 
 IGMI 12701M003         U        0.08260          2.39117    0.00122          2.30857 meters  2026-02-19 04:00:00                     61090.16667   511 #TRP 
 IGMI 12701M003         U        0.07850          2.38706    0.00082          2.30857 meters  2026-02-19 05:00:00                     61090.20833   512 #TRP 
 IGMI 12701M003         U        0.08666          2.39522    0.00100          2.30856 meters  2026-02-19 06:00:00                     61090.25000   513 #TRP 
 IGMI 12701M003         U        0.08156          2.39012    0.00080          2.30856 meters  2026-02-19 07:00:00                     61090.29167   514 #TRP 
 IGMI 12701M003         U        0.08860          2.39716    0.00075          2.30856 meters  2026-02-19 08:00:00                     61090.33333   515 #TRP 
 IGMI 12701M003         U        0.09114          2.39969    0.00084          2.30856 meters  2026-02-19 09:00:00                     61090.37500   516 #TRP 
 IGMI 12701M003         U        0.08172          2.39028    0.00090          2.30856 meters  2026-02-19 10:00:00                     61090.41667   517 #TRP 
 IGMI 12701M003         U        0.06581          2.37437    0.00076          2.30856 meters  2026-02-19 11:00:00                     61090.45833   518 #TRP 
 IGMI 12701M003         U        0.05440          2.36296    0.00097          2.30855 meters  2026-02-19 12:00:00                     61090.50000   519 #TRP 
 IGMI 12701M003         U        0.04850          2.35705    0.00094          2.30855 meters  2026-02-19 13:00:00                     61090.54167   520 #TRP 
 IGMI 12701M003         U        0.04168          2.35023    0.00086          2.30855 meters  2026-02-19 14:00:00                     61090.58333   521 #TRP 
 IGMI 12701M003         U        0.03951          2.34806    0.00096          2.30855 meters  2026-02-19 15:00:00                     61090.62500   522 #TRP 
 IGMI 12701M003         U        0.03791          2.34645    0.00092          2.30855 meters  2026-02-19 16:00:00                     61090.66667   523 #TRP 
 IGMI 12701M003         U        0.04071          2.34926    0.00088          2.30855 meters  2026-02-19 17:00:00                     61090.70833   524 #TRP 
 IGMI 12701M003         U        0.04528          2.35382    0.00108          2.30854 meters  2026-02-19 18:00:00                     61090.75000   525 #TRP 
 IGMI 12701M003         U        0.04551          2.35405    0.00088          2.30854 meters  2026-02-19 19:00:00                     61090.79167   526 #TRP 
 IGMI 12701M003         U        0.05143          2.35997    0.00088          2.30854 meters  2026-02-19 20:00:00                     61090.83333   527 #TRP 
 IGMI 12701M003         U        0.05474          2.36328    0.00095          2.30854 meters  2026-02-19 21:00:00                     61090.87500   528 #TRP 
 IGMI 12701M003         U        0.05172          2.36025    0.00090          2.30854 meters  2026-02-19 22:00:00                     61090.91667   529 #TRP 
 IGMI 12701M003         U        0.05186          2.36040    0.00085          2.30854 meters  2026-02-19 23:00:00                     61090.95833   530 #TRP 
 IGMI 12701M003         N       -0.00061         -0.00061    0.00007          0.00000 meters  2026-02-20 00:00:00                     61091.00000   531 #TRP 
 IGMI 12701M003         E        0.00035          0.00035    0.00007          0.00000 meters  2026-02-20 00:00:00                     61091.00000   532 #TRP 
 IGMI 12701M003         U        0.05015          2.35868    0.00136          2.30853 meters  2026-02-20 00:00:00                     61091.00000   533 #TRP 
 JOZE 12204M001         N       -0.00091         -0.00091    0.00005          0.00000 meters  2026-02-19 00:00:00                     61090.00000   534 #TRP 
 JOZE 12204M001         E       -0.00023         -0.00023    0.00006          0.00000 meters  2026-02-19 00:00:00                     61090.00000   535 #TRP 
 JOZE 12204M001         U        0.03170          2.31398    0.00094          2.28228 meters  2026-02-19 00:00:00                     61090.00000   536 #TRP 
 JOZE 12204M001         U        0.02733          2.30961    0.00076          2.28228 meters  2026-02-19 01:00:00                     61090.04167   537 #TRP 
 JOZE 12204M001         U        0.02967          2.31196    0.00065          2.28228 meters  2026-02-19 02:00:00                     61090.08333   538 #TRP 
 JOZE 12204M001         U        0.02392          2.30620    0.00067          2.28228 meters  2026-02-19 03:00:00                     61090.12500   539 #TRP 
 JOZE 12204M001         U        0.02247          2.30475    0.00066          2.28228 meters  2026-02-19 04:00:00                     61090.16667   540 #TRP 
 JOZE 12204M001         U        0.02009          2.30237    0.00065          2.28228 meters  2026-02-19 05:00:00                     61090.20833   541 #TRP 
 JOZE 12204M001         U        0.02432          2.30661    0.00070          2.28228 meters  2026-02-19 06:00:00                     61090.25000   542 #TRP 
 JOZE 12204M001         U        0.02163          2.30392    0.00070          2.28229 meters  2026-02-19 07:00:00                     61090.29167   543 #TRP 
 JOZE 12204M001         U        0.02050          2.30278    0.00070          2.28229 meters  2026-02-19 08:00:00                     61090.33333   544 #TRP 
 JOZE 12204M001         U        0.02317          2.30545    0.00071          2.28229 meters  2026-02-19 09:00:00                     61090.37500   545 #TRP 
 JOZE 12204M001         U        0.02122          2.30351    0.00070          2.28229 meters  2026-02-19 10:00:00                     61090.41667   546 #TRP 
 JOZE 12204M001         U        0.02149          2.30378    0.00063          2.28229 meters  2026-02-19 11:00:00                     61090.45833   547 #TRP 
 JOZE 12204M001         U        0.02145          2.30374    0.00070          2.28229 meters  2026-02-19 12:00:00                     61090.50000   548 #TRP 
 JOZE 12204M001         U        0.02128          2.30357    0.00072          2.28229 meters  2026-02-19 13:00:00                     61090.54167   549 #TRP 
 JOZE 12204M001         U        0.02375          2.30604    0.00071          2.28229 meters  2026-02-19 14:00:00                     61090.58333   550 #TRP 
 JOZE 12204M001         U        0.02944          2.31173    0.00076          2.28229 meters  2026-02-19 15:00:00                     61090.62500   551 #TRP 
 JOZE 12204M001         U        0.02717          2.30946    0.00075          2.28229 meters  2026-02-19 16:00:00                     61090.66667   552 #TRP 
 JOZE 12204M001         U        0.02976          2.31205    0.00070          2.28229 meters  2026-02-19 17:00:00                     61090.70833   553 #TRP 
 JOZE 12204M001         U        0.02709          2.30939    0.00073          2.28229 meters  2026-02-19 18:00:00                     61090.75000   554 #TRP 
 JOZE 12204M001         U        0.02829          2.31058    0.00067          2.28229 meters  2026-02-19 19:00:00                     61090.79167   555 #TRP 
 JOZE 12204M001         U        0.02957          2.31186    0.00071          2.28229 meters  2026-02-19 20:00:00                     61090.83333   556 #TRP 
 JOZE 12204M001         U        0.03208          2.31437    0.00085          2.28229 meters  2026-02-19 21:00:00                     61090.87500   557 #TRP 
 JOZE 12204M001         U        0.03087          2.31317    0.00083          2.28230 meters  2026-02-19 22:00:00                     61090.91667   558 #TRP 
 JOZE 12204M001         U        0.03239          2.31469    0.00076          2.28230 meters  2026-02-19 23:00:00                     61090.95833   559 #TRP 
 JOZE 12204M001         N       -0.00060         -0.00060    0.00006          0.00000 meters  2026-02-20 00:00:00                     61091.00000   560 #TRP 
 JOZE 12204M001         E       -0.00052         -0.00052    0.00006          0.00000 meters  2026-02-20 00:00:00                     61091.00000   561 #TRP 
 JOZE 12204M001         U        0.03770          2.31999    0.00108          2.28230 meters  2026-02-20 00:00:00                     61091.00000   562 #TRP 
 KNJA 12113M001         N       -0.00046         -0.00046    0.00010          0.00000 meters  2026-02-19 00:00:00                     61090.00000   563 #TRP 
 KNJA 12113M001         E       -0.00027         -0.00027    0.00008          0.00000 meters  2026-02-19 00:00:00                     61090.00000   564 #TRP 
 KNJA 12113M001         U        0.05573          2.30553    0.00146          2.24980 meters  2026-02-19 00:00:00                     61090.00000   565 #TRP 
 KNJA 12113M001         U        0.05442          2.30422    0.00119          2.24980 meters  2026-02-19 01:00:00                     61090.04167   566 #TRP 
 KNJA 12113M001         U        0.05741          2.30721    0.00104          2.24980 meters  2026-02-19 02:00:00                     61090.08333   567 #TRP 
 KNJA 12113M001         U        0.05588          2.30568    0.00111          2.24980 meters  2026-02-19 03:00:00                     61090.12500   568 #TRP 
 KNJA 12113M001         U        0.05792          2.30772    0.00118          2.24980 meters  2026-02-19 04:00:00                     61090.16667   569 #TRP 
 KNJA 12113M001         U        0.06246          2.31226    0.00098          2.24980 meters  2026-02-19 05:00:00                     61090.20833   570 #TRP 
 KNJA 12113M001         U        0.06492          2.31471    0.00108          2.24979 meters  2026-02-19 06:00:00                     61090.25000   571 #TRP 
 KNJA 12113M001         U        0.06386          2.31365    0.00101          2.24979 meters  2026-02-19 07:00:00                     61090.29167   572 #TRP 
 KNJA 12113M001         U        0.05981          2.30960    0.00097          2.24979 meters  2026-02-19 08:00:00                     61090.33333   573 #TRP 
 KNJA 12113M001         U        0.06418          2.31397    0.00113          2.24979 meters  2026-02-19 09:00:00                     61090.37500   574 #TRP 
 KNJA 12113M001         U        0.06251          2.31230    0.00112          2.24979 meters  2026-02-19 10:00:00                     61090.41667   575 #TRP 
 KNJA 12113M001         U        0.06611          2.31589    0.00097          2.24979 meters  2026-02-19 11:00:00                     61090.45833   576 #TRP 
 KNJA 12113M001         U        0.07051          2.32030    0.00106          2.24979 meters  2026-02-19 12:00:00                     61090.50000   577 #TRP 
 KNJA 12113M001         U        0.06948          2.31927    0.00107          2.24979 meters  2026-02-19 13:00:00                     61090.54167   578 #TRP 
 KNJA 12113M001         U        0.06829          2.31808    0.00098          2.24979 meters  2026-02-19 14:00:00                     61090.58333   579 #TRP 
 KNJA 12113M001         U        0.07605          2.32584    0.00121          2.24978 meters  2026-02-19 15:00:00                     61090.62500   580 #TRP 
 KNJA 12113M001         U        0.07033          2.32012    0.00106          2.24978 meters  2026-02-19 16:00:00                     61090.66667   581 #TRP 
 KNJA 12113M001         U        0.08009          2.32987    0.00124          2.24978 meters  2026-02-19 17:00:00                     61090.70833   582 #TRP 
 KNJA 12113M001         U        0.07427          2.32405    0.00121          2.24978 meters  2026-02-19 18:00:00                     61090.75000   583 #TRP 
 KNJA 12113M001         U        0.06671          2.31649    0.00099          2.24978 meters  2026-02-19 19:00:00                     61090.79167   584 #TRP 
 KNJA 12113M001         U        0.07273          2.32251    0.00129          2.24978 meters  2026-02-19 20:00:00                     61090.83333   585 #TRP 
 KNJA 12113M001         U        0.07279          2.32257    0.00171          2.24978 meters  2026-02-19 21:00:00                     61090.87500   586 #TRP 
 KNJA 12113M001         U        0.07302          2.32279    0.00148          2.24978 meters  2026-02-19 22:00:00                     61090.91667   587 #TRP 
 KNJA 12113M001         U        0.07047          2.32024    0.00100          2.24977 meters  2026-02-19 23:00:00                     61090.95833   588 #TRP 
 KNJA 12113M001         N        0.00004          0.00004    0.00010          0.00000 meters  2026-02-20 00:00:00                     61091.00000   589 #TRP 
 KNJA 12113M001         E        0.00003          0.00003    0.00008          0.00000 meters  2026-02-20 00:00:00                     61091.00000   590 #TRP 
 KNJA 12113M001         U        0.07051          2.32028    0.00155          2.24977 meters  2026-02-20 00:00:00                     61091.00000   591 #TRP 
 LROC 10023M001         N       -0.00059         -0.00059    0.00008          0.00000 meters  2026-02-19 00:00:00                     61090.00000   592 #TRP 
 LROC 10023M001         E       -0.00021         -0.00021    0.00008          0.00000 meters  2026-02-19 00:00:00                     61090.00000   593 #TRP 
 LROC 10023M001         U        0.06175          2.38264    0.00131          2.32088 meters  2026-02-19 00:00:00                     61090.00000   594 #TRP 
 LROC 10023M001         U        0.06426          2.38514    0.00085          2.32088 meters  2026-02-19 01:00:00                     61090.04167   595 #TRP 
 LROC 10023M001         U        0.05848          2.37936    0.00083          2.32088 meters  2026-02-19 02:00:00                     61090.08333   596 #TRP 
 LROC 10023M001         U        0.05284          2.37372    0.00079          2.32088 meters  2026-02-19 03:00:00                     61090.12500   597 #TRP 
 LROC 10023M001         U        0.05017          2.37104    0.00083          2.32088 meters  2026-02-19 04:00:00                     61090.16667   598 #TRP 
 LROC 10023M001         U        0.04912          2.37000    0.00068          2.32088 meters  2026-02-19 05:00:00                     61090.20833   599 #TRP 
 LROC 10023M001         U        0.05465          2.37552    0.00084          2.32087 meters  2026-02-19 06:00:00                     61090.25000   600 #TRP 
 LROC 10023M001         U        0.05892          2.37979    0.00075          2.32087 meters  2026-02-19 07:00:00                     61090.29167   601 #TRP 
 LROC 10023M001         U        0.06795          2.38882    0.00065          2.32087 meters  2026-02-19 08:00:00                     61090.33333   602 #TRP 
 LROC 10023M001         U        0.07240          2.39327    0.00069          2.32087 meters  2026-02-19 09:00:00                     61090.37500   603 #TRP 
 LROC 10023M001         U        0.07875          2.39962    0.00082          2.32087 meters  2026-02-19 10:00:00                     61090.41667   604 #TRP 
 LROC 10023M001         U        0.07608          2.39695    0.00070          2.32087 meters  2026-02-19 11:00:00                     61090.45833   605 #TRP 
 LROC 10023M001         U        0.08511          2.40597    0.00075          2.32087 meters  2026-02-19 12:00:00                     61090.50000   606 #TRP 
 LROC 10023M001         U        0.07770          2.39856    0.00074          2.32086 meters  2026-02-19 13:00:00                     61090.54167   607 #TRP 
 LROC 10023M001         U        0.08256          2.40342    0.00115          2.32086 meters  2026-02-19 14:00:00                     61090.58333   608 #TRP 
 LROC 10023M001         N       -0.00003         -0.00003    0.00016          0.00000 meters  2026-02-20 00:00:00                     61091.00000   609 #TRP 
 LROC 10023M001         E       -0.00009         -0.00009    0.00014          0.00000 meters  2026-02-20 00:00:00                     61091.00000   610 #TRP 
 MATE 12734M008         N        0.00010          0.00010    0.00009          0.00000 meters  2026-02-19 00:00:00                     61090.00000   611 #TRP 
 MATE 12734M008         E       -0.00061         -0.00061    0.00006          0.00000 meters  2026-02-19 00:00:00                     61090.00000   612 #TRP 
 MATE 12734M008         U        0.05283          2.24112    0.00121          2.18829 meters  2026-02-19 00:00:00                     61090.00000   613 #TRP 
 MATE 12734M008         U        0.05757          2.24586    0.00091          2.18828 meters  2026-02-19 01:00:00                     61090.04167   614 #TRP 
 MATE 12734M008         U        0.05926          2.24755    0.00084          2.18828 meters  2026-02-19 02:00:00                     61090.08333   615 #TRP 
 MATE 12734M008         U        0.06214          2.25042    0.00083          2.18828 meters  2026-02-19 03:00:00                     61090.12500   616 #TRP 
 MATE 12734M008         U        0.06194          2.25022    0.00112          2.18828 meters  2026-02-19 04:00:00                     61090.16667   617 #TRP 
 MATE 12734M008         U        0.06313          2.25140    0.00078          2.18828 meters  2026-02-19 05:00:00                     61090.20833   618 #TRP 
 MATE 12734M008         U        0.06085          2.24913    0.00085          2.18828 meters  2026-02-19 06:00:00                     61090.25000   619 #TRP 
 MATE 12734M008         U        0.05882          2.24710    0.00076          2.18828 meters  2026-02-19 07:00:00                     61090.29167   620 #TRP 
 MATE 12734M008         U        0.05932          2.24759    0.00083          2.18827 meters  2026-02-19 08:00:00                     61090.33333   621 #TRP 
 MATE 12734M008         U        0.06133          2.24960    0.00078          2.18827 meters  2026-02-19 09:00:00                     61090.37500   622 #TRP 
 MATE 12734M008         U        0.06550          2.25377    0.00084          2.18827 meters  2026-02-19 10:00:00                     61090.41667   623 #TRP 
 MATE 12734M008         U        0.06188          2.25014    0.00074          2.18827 meters  2026-02-19 11:00:00                     61090.45833   624 #TRP 
 MATE 12734M008         U        0.05844          2.24671    0.00086          2.18827 meters  2026-02-19 12:00:00                     61090.50000   625 #TRP 
 MATE 12734M008         U        0.05642          2.24469    0.00079          2.18827 meters  2026-02-19 13:00:00                     61090.54167   626 #TRP 
 MATE 12734M008         U        0.06051          2.24877    0.00078          2.18826 meters  2026-02-19 14:00:00                     61090.58333   627 #TRP 
 MATE 12734M008         U        0.07135          2.25961    0.00085          2.18826 meters  2026-02-19 15:00:00                     61090.62500   628 #TRP 
 MATE 12734M008         U        0.07766          2.26592    0.00090          2.18826 meters  2026-02-19 16:00:00                     61090.66667   629 #TRP 
 MATE 12734M008         U        0.06701          2.25527    0.00090          2.18826 meters  2026-02-19 17:00:00                     61090.70833   630 #TRP 
 MATE 12734M008         U        0.06128          2.24954    0.00097          2.18826 meters  2026-02-19 18:00:00                     61090.75000   631 #TRP 
 MATE 12734M008         U        0.06391          2.25216    0.00094          2.18826 meters  2026-02-19 19:00:00                     61090.79167   632 #TRP 
 MATE 12734M008         U        0.05496          2.24322    0.00094          2.18825 meters  2026-02-19 20:00:00                     61090.83333   633 #TRP 
 MATE 12734M008         U        0.08178          2.27003    0.00096          2.18825 meters  2026-02-19 21:00:00                     61090.87500   634 #TRP 
 MATE 12734M008         U        0.07351          2.26175    0.00091          2.18825 meters  2026-02-19 22:00:00                     61090.91667   635 #TRP 
 MATE 12734M008         U        0.06443          2.25267    0.00087          2.18825 meters  2026-02-19 23:00:00                     61090.95833   636 #TRP 
 MATE 12734M008         N       -0.00135         -0.00135    0.00010          0.00000 meters  2026-02-20 00:00:00                     61091.00000   637 #TRP 
 MATE 12734M008         E        0.00105          0.00105    0.00007          0.00000 meters  2026-02-20 00:00:00                     61091.00000   638 #TRP 
 MATE 12734M008         U        0.06275          2.25099    0.00132          2.18825 meters  2026-02-20 00:00:00                     61091.00000   639 #TRP 
 MLVL 10092M001         N       -0.00016         -0.00016    0.00004          0.00000 meters  2026-02-19 00:00:00                     61090.00000   640 #TRP 
 MLVL 10092M001         E        0.00039          0.00039    0.00005          0.00000 meters  2026-02-19 00:00:00                     61090.00000   641 #TRP 
 MLVL 10092M001         U        0.04830          2.33710    0.00085          2.28880 meters  2026-02-19 00:00:00                     61090.00000   642 #TRP 
 MLVL 10092M001         U        0.04458          2.33338    0.00062          2.28880 meters  2026-02-19 01:00:00                     61090.04167   643 #TRP 
 MLVL 10092M001         U        0.04314          2.33193    0.00064          2.28880 meters  2026-02-19 02:00:00                     61090.08333   644 #TRP 
 MLVL 10092M001         U        0.03660          2.32540    0.00062          2.28880 meters  2026-02-19 03:00:00                     61090.12500   645 #TRP 
 MLVL 10092M001         U        0.03797          2.32676    0.00065          2.28880 meters  2026-02-19 04:00:00                     61090.16667   646 #TRP 
 MLVL 10092M001         U        0.04239          2.33118    0.00053          2.28880 meters  2026-02-19 05:00:00                     61090.20833   647 #TRP 
 MLVL 10092M001         U        0.04539          2.33418    0.00066          2.28879 meters  2026-02-19 06:00:00                     61090.25000   648 #TRP 
 MLVL 10092M001         U        0.04061          2.32940    0.00059          2.28879 meters  2026-02-19 07:00:00                     61090.29167   649 #TRP 
 MLVL 10092M001         U        0.04827          2.33706    0.00054          2.28879 meters  2026-02-19 08:00:00                     61090.33333   650 #TRP 
 MLVL 10092M001         U        0.04914          2.33793    0.00062          2.28879 meters  2026-02-19 09:00:00                     61090.37500   651 #TRP 
 MLVL 10092M001         U        0.05270          2.34149    0.00064          2.28879 meters  2026-02-19 10:00:00                     61090.41667   652 #TRP 
 MLVL 10092M001         U        0.05424          2.34303    0.00057          2.28879 meters  2026-02-19 11:00:00                     61090.45833   653 #TRP 
 MLVL 10092M001         U        0.05661          2.34539    0.00062          2.28879 meters  2026-02-19 12:00:00                     61090.50000   654 #TRP 
 MLVL 10092M001         U        0.06086          2.34964    0.00058          2.28879 meters  2026-02-19 13:00:00                     61090.54167   655 #TRP 
 MLVL 10092M001         U        0.06115          2.34993    0.00063          2.28879 meters  2026-02-19 14:00:00                     61090.58333   656 #TRP 
 MLVL 10092M001         U        0.06300          2.35179    0.00077          2.28879 meters  2026-02-19 15:00:00                     61090.62500   657 #TRP 
 MLVL 10092M001         U        0.06723          2.35601    0.00070          2.28878 meters  2026-02-19 16:00:00                     61090.66667   658 #TRP 
 MLVL 10092M001         U        0.06458          2.35336    0.00065          2.28878 meters  2026-02-19 17:00:00                     61090.70833   659 #TRP 
 MLVL 10092M001         U        0.06503          2.35381    0.00079          2.28878 meters  2026-02-19 18:00:00                     61090.75000   660 #TRP 
 MLVL 10092M001         U        0.06559          2.35437    0.00071          2.28878 meters  2026-02-19 19:00:00                     61090.79167   661 #TRP 
 MLVL 10092M001         U        0.06899          2.35777    0.00070          2.28878 meters  2026-02-19 20:00:00                     61090.83333   662 #TRP 
 MLVL 10092M001         U        0.07876          2.36754    0.00072          2.28878 meters  2026-02-19 21:00:00                     61090.87500   663 #TRP 
 MLVL 10092M001         U        0.08119          2.36996    0.00071          2.28878 meters  2026-02-19 22:00:00                     61090.91667   664 #TRP 
 MLVL 10092M001         U        0.08969          2.37847    0.00071          2.28878 meters  2026-02-19 23:00:00                     61090.95833   665 #TRP 
 MLVL 10092M001         N       -0.00036         -0.00036    0.00004          0.00000 meters  2026-02-20 00:00:00                     61091.00000   666 #TRP 
 MLVL 10092M001         E       -0.00067         -0.00067    0.00006          0.00000 meters  2026-02-20 00:00:00                     61091.00000   667 #TRP 
 MLVL 10092M001         U        0.09205          2.38083    0.00097          2.28878 meters  2026-02-20 00:00:00                     61091.00000   668 #TRP 
 MOP2 11507M002         N       -0.00157         -0.00157    0.00005          0.00000 meters  2026-02-19 00:00:00                     61090.00000   669 #TRP 
 MOP2 11507M002         E       -0.00064         -0.00064    0.00005          0.00000 meters  2026-02-19 00:00:00                     61090.00000   670 #TRP 
 MOP2 11507M002         U        0.02774          2.20035    0.00090          2.17261 meters  2026-02-19 00:00:00                     61090.00000   671 #TRP 
 MOP2 11507M002         U        0.02940          2.20201    0.00074          2.17261 meters  2026-02-19 01:00:00                     61090.04167   672 #TRP 
 MOP2 11507M002         U        0.02712          2.19973    0.00067          2.17261 meters  2026-02-19 02:00:00                     61090.08333   673 #TRP 
 MOP2 11507M002         U        0.02790          2.20050    0.00063          2.17261 meters  2026-02-19 03:00:00                     61090.12500   674 #TRP 
 MOP2 11507M002         U        0.02494          2.19754    0.00064          2.17261 meters  2026-02-19 04:00:00                     61090.16667   675 #TRP 
 MOP2 11507M002         U        0.03240          2.20501    0.00062          2.17261 meters  2026-02-19 05:00:00                     61090.20833   676 #TRP 
 MOP2 11507M002         U        0.03891          2.21152    0.00072          2.17261 meters  2026-02-19 06:00:00                     61090.25000   677 #TRP 
 MOP2 11507M002         U        0.04560          2.21820    0.00069          2.17260 meters  2026-02-19 07:00:00                     61090.29167   678 #TRP 
 MOP2 11507M002         U        0.06326          2.23587    0.00064          2.17260 meters  2026-02-19 08:00:00                     61090.33333   679 #TRP 
 MOP2 11507M002         U        0.06445          2.23705    0.00070          2.17260 meters  2026-02-19 09:00:00                     61090.37500   680 #TRP 
 MOP2 11507M002         U        0.06887          2.24148    0.00071          2.17260 meters  2026-02-19 10:00:00                     61090.41667   681 #TRP 
 MOP2 11507M002         U        0.06639          2.23899    0.00063          2.17260 meters  2026-02-19 11:00:00                     61090.45833   682 #TRP 
 MOP2 11507M002         U        0.07071          2.24331    0.00064          2.17260 meters  2026-02-19 12:00:00                     61090.50000   683 #TRP 
 MOP2 11507M002         U        0.06683          2.23943    0.00066          2.17260 meters  2026-02-19 13:00:00                     61090.54167   684 #TRP 
 MOP2 11507M002         U        0.06576          2.23836    0.00071          2.17260 meters  2026-02-19 14:00:00                     61090.58333   685 #TRP 
 MOP2 11507M002         U        0.06681          2.23941    0.00071          2.17260 meters  2026-02-19 15:00:00                     61090.62500   686 #TRP 
 MOP2 11507M002         U        0.06531          2.23791    0.00074          2.17260 meters  2026-02-19 16:00:00                     61090.66667   687 #TRP 
 MOP2 11507M002         U        0.06808          2.24068    0.00075          2.17260 meters  2026-02-19 17:00:00                     61090.70833   688 #TRP 
 MOP2 11507M002         U        0.06931          2.24191    0.00071          2.17260 meters  2026-02-19 18:00:00                     61090.75000   689 #TRP 
 MOP2 11507M002         U        0.07141          2.24401    0.00067          2.17260 meters  2026-02-19 19:00:00                     61090.79167   690 #TRP 
 MOP2 11507M002         U        0.07092          2.24352    0.00071          2.17260 meters  2026-02-19 20:00:00                     61090.83333   691 #TRP 
 MOP2 11507M002         U        0.07576          2.24836    0.00077          2.17260 meters  2026-02-19 21:00:00                     61090.87500   692 #TRP 
 MOP2 11507M002         U        0.07500          2.24760    0.00079          2.17260 meters  2026-02-19 22:00:00                     61090.91667   693 #TRP 
 MOP2 11507M002         U        0.07767          2.25027    0.00075          2.17260 meters  2026-02-19 23:00:00                     61090.95833   694 #TRP 
 MOP2 11507M002         N       -0.00084         -0.00084    0.00006          0.00000 meters  2026-02-20 00:00:00                     61091.00000   695 #TRP 
 MOP2 11507M002         E        0.00037          0.00037    0.00005          0.00000 meters  2026-02-20 00:00:00                     61091.00000   696 #TRP 
 MOP2 11507M002         U        0.08196          2.25456    0.00101          2.17260 meters  2026-02-20 00:00:00                     61091.00000   697 #TRP 
 NPAZ 12110M001         N       -0.00014         -0.00014    0.00010          0.00000 meters  2026-02-19 00:00:00                     61090.00000   698 #TRP 
 NPAZ 12110M001         E       -0.00042         -0.00042    0.00008          0.00000 meters  2026-02-19 00:00:00                     61090.00000   699 #TRP 
 NPAZ 12110M001         U        0.05018          2.23272    0.00137          2.18254 meters  2026-02-19 00:00:00                     61090.00000   700 #TRP 
 NPAZ 12110M001         U        0.04828          2.23082    0.00105          2.18254 meters  2026-02-19 01:00:00                     61090.04167   701 #TRP 
 NPAZ 12110M001         U        0.04885          2.23139    0.00102          2.18254 meters  2026-02-19 02:00:00                     61090.08333   702 #TRP 
 NPAZ 12110M001         U        0.04977          2.23230    0.00105          2.18254 meters  2026-02-19 03:00:00                     61090.12500   703 #TRP 
 NPAZ 12110M001         U        0.04777          2.23030    0.00106          2.18253 meters  2026-02-19 04:00:00                     61090.16667   704 #TRP 
 NPAZ 12110M001         U        0.04511          2.22765    0.00090          2.18253 meters  2026-02-19 05:00:00                     61090.20833   705 #TRP 
 NPAZ 12110M001         U        0.05174          2.23427    0.00098          2.18253 meters  2026-02-19 06:00:00                     61090.25000   706 #TRP 
 NPAZ 12110M001         U        0.05738          2.23991    0.00098          2.18253 meters  2026-02-19 07:00:00                     61090.29167   707 #TRP 
 NPAZ 12110M001         U        0.05526          2.23779    0.00089          2.18253 meters  2026-02-19 08:00:00                     61090.33333   708 #TRP 
 NPAZ 12110M001         U        0.05890          2.24143    0.00105          2.18253 meters  2026-02-19 09:00:00                     61090.37500   709 #TRP 
 NPAZ 12110M001         U        0.05918          2.24171    0.00107          2.18253 meters  2026-02-19 10:00:00                     61090.41667   710 #TRP 
 NPAZ 12110M001         U        0.05955          2.24208    0.00090          2.18253 meters  2026-02-19 11:00:00                     61090.45833   711 #TRP 
 NPAZ 12110M001         U        0.06271          2.24523    0.00096          2.18252 meters  2026-02-19 12:00:00                     61090.50000   712 #TRP 
 NPAZ 12110M001         U        0.06252          2.24504    0.00095          2.18252 meters  2026-02-19 13:00:00                     61090.54167   713 #TRP 
 NPAZ 12110M001         U        0.05769          2.24022    0.00094          2.18252 meters  2026-02-19 14:00:00                     61090.58333   714 #TRP 
 NPAZ 12110M001         U        0.06444          2.24696    0.00111          2.18252 meters  2026-02-19 15:00:00                     61090.62500   715 #TRP 
 NPAZ 12110M001         U        0.05902          2.24154    0.00102          2.18252 meters  2026-02-19 16:00:00                     61090.66667   716 #TRP 
 NPAZ 12110M001         U        0.06536          2.24788    0.00115          2.18252 meters  2026-02-19 17:00:00                     61090.70833   717 #TRP 
 NPAZ 12110M001         U        0.06225          2.24476    0.00115          2.18252 meters  2026-02-19 18:00:00                     61090.75000   718 #TRP 
 NPAZ 12110M001         U        0.06227          2.24478    0.00093          2.18252 meters  2026-02-19 19:00:00                     61090.79167   719 #TRP 
 NPAZ 12110M001         U        0.06086          2.24337    0.00128          2.18252 meters  2026-02-19 20:00:00                     61090.83333   720 #TRP 
 NPAZ 12110M001         U        0.06365          2.24617    0.00173          2.18251 meters  2026-02-19 21:00:00                     61090.87500   721 #TRP 
 NPAZ 12110M001         U        0.05490          2.23741    0.00140          2.18251 meters  2026-02-19 22:00:00                     61090.91667   722 #TRP 
 NPAZ 12110M001         U        0.05994          2.24245    0.00098          2.18251 meters  2026-02-19 23:00:00                     61090.95833   723 #TRP 
 NPAZ 12110M001         N       -0.00037         -0.00037    0.00010          0.00000 meters  2026-02-20 00:00:00                     61091.00000   724 #TRP 
 NPAZ 12110M001         E        0.00014          0.00014    0.00008          0.00000 meters  2026-02-20 00:00:00                     61091.00000   725 #TRP 
 NPAZ 12110M001         U        0.06102          2.24353    0.00150          2.18251 meters  2026-02-20 00:00:00                     61091.00000   726 #TRP 
 ONSA 10402M004         N       -0.00058         -0.00058    0.00007          0.00000 meters  2026-02-19 00:00:00                     61090.00000   727 #TRP 
 ONSA 10402M004         E       -0.00057         -0.00057    0.00006          0.00000 meters  2026-02-19 00:00:00                     61090.00000   728 #TRP 
 ONSA 10402M004         U        0.02780          2.32679    0.00115          2.29898 meters  2026-02-19 00:00:00                     61090.00000   729 #TRP 
 ONSA 10402M004         U        0.02362          2.32260    0.00101          2.29899 meters  2026-02-19 01:00:00                     61090.04167   730 #TRP 
 ONSA 10402M004         U        0.02818          2.32717    0.00083          2.29899 meters  2026-02-19 02:00:00                     61090.08333   731 #TRP 
 ONSA 10402M004         U        0.02369          2.32268    0.00085          2.29899 meters  2026-02-19 03:00:00                     61090.12500   732 #TRP 
 ONSA 10402M004         U        0.02322          2.32221    0.00091          2.29899 meters  2026-02-19 04:00:00                     61090.16667   733 #TRP 
 ONSA 10402M004         U        0.02487          2.32386    0.00081          2.29899 meters  2026-02-19 05:00:00                     61090.20833   734 #TRP 
 ONSA 10402M004         U        0.02784          2.32683    0.00090          2.29899 meters  2026-02-19 06:00:00                     61090.25000   735 #TRP 
 ONSA 10402M004         U        0.02475          2.32374    0.00081          2.29900 meters  2026-02-19 07:00:00                     61090.29167   736 #TRP 
 ONSA 10402M004         U        0.02730          2.32630    0.00082          2.29900 meters  2026-02-19 08:00:00                     61090.33333   737 #TRP 
 ONSA 10402M004         U        0.02931          2.32831    0.00092          2.29900 meters  2026-02-19 09:00:00                     61090.37500   738 #TRP 
 ONSA 10402M004         U        0.02877          2.32777    0.00099          2.29900 meters  2026-02-19 10:00:00                     61090.41667   739 #TRP 
 ONSA 10402M004         U        0.02797          2.32697    0.00078          2.29900 meters  2026-02-19 11:00:00                     61090.45833   740 #TRP 
 ONSA 10402M004         U        0.02982          2.32882    0.00090          2.29901 meters  2026-02-19 12:00:00                     61090.50000   741 #TRP 
 ONSA 10402M004         U        0.02843          2.32744    0.00081          2.29901 meters  2026-02-19 13:00:00                     61090.54167   742 #TRP 
 ONSA 10402M004         U        0.02993          2.32894    0.00082          2.29901 meters  2026-02-19 14:00:00                     61090.58333   743 #TRP 
 ONSA 10402M004         U        0.03508          2.33409    0.00090          2.29901 meters  2026-02-19 15:00:00                     61090.62500   744 #TRP 
 ONSA 10402M004         U        0.03208          2.33109    0.00088          2.29901 meters  2026-02-19 16:00:00                     61090.66667   745 #TRP 
 ONSA 10402M004         U        0.03617          2.33518    0.00084          2.29901 meters  2026-02-19 17:00:00                     61090.70833   746 #TRP 
 ONSA 10402M004         U        0.03847          2.33748    0.00094          2.29902 meters  2026-02-19 18:00:00                     61090.75000   747 #TRP 
 ONSA 10402M004         U        0.03828          2.33730    0.00091          2.29902 meters  2026-02-19 19:00:00                     61090.79167   748 #TRP 
 ONSA 10402M004         U        0.04069          2.33971    0.00087          2.29902 meters  2026-02-19 20:00:00                     61090.83333   749 #TRP 
 ONSA 10402M004         U        0.04579          2.34482    0.00092          2.29902 meters  2026-02-19 21:00:00                     61090.87500   750 #TRP 
 ONSA 10402M004         U        0.04314          2.34216    0.00103          2.29902 meters  2026-02-19 22:00:00                     61090.91667   751 #TRP 
 ONSA 10402M004         U        0.04595          2.34498    0.00085          2.29903 meters  2026-02-19 23:00:00                     61090.95833   752 #TRP 
 ONSA 10402M004         N       -0.00030         -0.00030    0.00007          0.00000 meters  2026-02-20 00:00:00                     61091.00000   753 #TRP 
 ONSA 10402M004         E       -0.00027         -0.00027    0.00006          0.00000 meters  2026-02-20 00:00:00                     61091.00000   754 #TRP 
 ONSA 10402M004         U        0.04756          2.34659    0.00134          2.29903 meters  2026-02-20 00:00:00                     61091.00000   755 #TRP 
 PENC 11206M006         N       -0.00117         -0.00117    0.00010          0.00000 meters  2026-02-19 00:00:00                     61090.00000   756 #TRP 
 PENC 11206M006         E       -0.00086         -0.00086    0.00010          0.00000 meters  2026-02-19 00:00:00                     61090.00000   757 #TRP 
 PENC 11206M006         U        0.01457          2.26301    0.00148          2.24844 meters  2026-02-19 00:00:00                     61090.00000   758 #TRP 
 PENC 11206M006         U        0.01646          2.26490    0.00112          2.24844 meters  2026-02-19 01:00:00                     61090.04167   759 #TRP 
 PENC 11206M006         U        0.01813          2.26657    0.00101          2.24844 meters  2026-02-19 02:00:00                     61090.08333   760 #TRP 
 PENC 11206M006         U        0.01632          2.26476    0.00108          2.24844 meters  2026-02-19 03:00:00                     61090.12500   761 #TRP 
 PENC 11206M006         U        0.02143          2.26987    0.00115          2.24844 meters  2026-02-19 04:00:00                     61090.16667   762 #TRP 
 PENC 11206M006         U        0.02599          2.27443    0.00094          2.24844 meters  2026-02-19 05:00:00                     61090.20833   763 #TRP 
 PENC 11206M006         U        0.03998          2.28841    0.00096          2.24844 meters  2026-02-19 06:00:00                     61090.25000   764 #TRP 
 PENC 11206M006         U        0.04620          2.29464    0.00104          2.24844 meters  2026-02-19 07:00:00                     61090.29167   765 #TRP 
 PENC 11206M006         U        0.05254          2.30098    0.00093          2.24844 meters  2026-02-19 08:00:00                     61090.33333   766 #TRP 
 PENC 11206M006         U        0.05547          2.30390    0.00100          2.24844 meters  2026-02-19 09:00:00                     61090.37500   767 #TRP 
 PENC 11206M006         U        0.06290          2.31134    0.00113          2.24844 meters  2026-02-19 10:00:00                     61090.41667   768 #TRP 
 PENC 11206M006         U        0.06228          2.31072    0.00105          2.24844 meters  2026-02-19 11:00:00                     61090.45833   769 #TRP 
 PENC 11206M006         U        0.06120          2.30964    0.00100          2.24844 meters  2026-02-19 12:00:00                     61090.50000   770 #TRP 
 PENC 11206M006         U        0.06190          2.31033    0.00093          2.24844 meters  2026-02-19 13:00:00                     61090.54167   771 #TRP 
 PENC 11206M006         U        0.05985          2.30829    0.00088          2.24843 meters  2026-02-19 14:00:00                     61090.58333   772 #TRP 
 PENC 11206M006         U        0.06156          2.30999    0.00105          2.24843 meters  2026-02-19 15:00:00                     61090.62500   773 #TRP 
 PENC 11206M006         U        0.06379          2.31223    0.00114          2.24843 meters  2026-02-19 16:00:00                     61090.66667   774 #TRP 
 PENC 11206M006         U        0.06764          2.31607    0.00117          2.24843 meters  2026-02-19 17:00:00                     61090.70833   775 #TRP 
 PENC 11206M006         U        0.07437          2.32280    0.00127          2.24843 meters  2026-02-19 18:00:00                     61090.75000   776 #TRP 
 PENC 11206M006         U        0.06920          2.31764    0.00114          2.24843 meters  2026-02-19 19:00:00                     61090.79167   777 #TRP 
 PENC 11206M006         U        0.07379          2.32222    0.00281          2.24843 meters  2026-02-19 20:00:00                     61090.83333   778 #TRP 
 PENC 11206M006         U        0.05289          2.30132    0.00889          2.24843 meters  2026-02-19 22:00:00                     61090.91667   779 #TRP 
 PENC 11206M006         U        0.07278          2.32121    0.00133          2.24843 meters  2026-02-19 23:00:00                     61090.95833   780 #TRP 
 PENC 11206M006         N        0.00061          0.00061    0.00012          0.00000 meters  2026-02-20 00:00:00                     61091.00000   781 #TRP 
 PENC 11206M006         E        0.00065          0.00065    0.00011          0.00000 meters  2026-02-20 00:00:00                     61091.00000   782 #TRP 
 PENC 11206M006         U        0.06438          2.31281    0.00157          2.24843 meters  2026-02-20 00:00:00                     61091.00000   783 #TRP 
 POTS 14106M003         N       -0.00053         -0.00053    0.00004          0.00000 meters  2026-02-19 00:00:00                     61090.00000   784 #TRP 
 POTS 14106M003         E       -0.00029         -0.00029    0.00004          0.00000 meters  2026-02-19 00:00:00                     61090.00000   785 #TRP 
 POTS 14106M003         U        0.01203          2.29602    0.00082          2.28399 meters  2026-02-19 00:00:00                     61090.00000   786 #TRP 
 POTS 14106M003         U        0.01370          2.29768    0.00066          2.28399 meters  2026-02-19 01:00:00                     61090.04167   787 #TRP 
 POTS 14106M003         U        0.01398          2.29796    0.00061          2.28399 meters  2026-02-19 02:00:00                     61090.08333   788 #TRP 
 POTS 14106M003         U        0.01065          2.29464    0.00060          2.28399 meters  2026-02-19 03:00:00                     61090.12500   789 #TRP 
 POTS 14106M003         U        0.00922          2.29321    0.00061          2.28399 meters  2026-02-19 04:00:00                     61090.16667   790 #TRP 
 POTS 14106M003         U        0.01030          2.29429    0.00054          2.28399 meters  2026-02-19 05:00:00                     61090.20833   791 #TRP 
 POTS 14106M003         U        0.01378          2.29777    0.00057          2.28399 meters  2026-02-19 06:00:00                     61090.25000   792 #TRP 
 POTS 14106M003         U        0.00959          2.29357    0.00059          2.28399 meters  2026-02-19 07:00:00                     61090.29167   793 #TRP 
 POTS 14106M003         U        0.01245          2.29644    0.00057          2.28399 meters  2026-02-19 08:00:00                     61090.33333   794 #TRP 
 POTS 14106M003         U        0.01342          2.29741    0.00059          2.28399 meters  2026-02-19 09:00:00                     61090.37500   795 #TRP 
 POTS 14106M003         U        0.01332          2.29731    0.00064          2.28399 meters  2026-02-19 10:00:00                     61090.41667   796 #TRP 
 POTS 14106M003         U        0.01360          2.29759    0.00056          2.28399 meters  2026-02-19 11:00:00                     61090.45833   797 #TRP 
 POTS 14106M003         U        0.01545          2.29944    0.00060          2.28399 meters  2026-02-19 12:00:00                     61090.50000   798 #TRP 
 POTS 14106M003         U        0.01488          2.29887    0.00059          2.28399 meters  2026-02-19 13:00:00                     61090.54167   799 #TRP 
 POTS 14106M003         U        0.01160          2.29559    0.00060          2.28399 meters  2026-02-19 14:00:00                     61090.58333   800 #TRP 
 POTS 14106M003         U        0.01572          2.29971    0.00063          2.28399 meters  2026-02-19 15:00:00                     61090.62500   801 #TRP 
 POTS 14106M003         U        0.01461          2.29860    0.00058          2.28399 meters  2026-02-19 16:00:00                     61090.66667   802 #TRP 
 POTS 14106M003         U        0.01543          2.29942    0.00060          2.28399 meters  2026-02-19 17:00:00                     61090.70833   803 #TRP 
 POTS 14106M003         U        0.01944          2.30343    0.00062          2.28399 meters  2026-02-19 18:00:00                     61090.75000   804 #TRP 
 POTS 14106M003         U        0.01637          2.30036    0.00063          2.28399 meters  2026-02-19 19:00:00                     61090.79167   805 #TRP 
 POTS 14106M003         U        0.01968          2.30367    0.00064          2.28399 meters  2026-02-19 20:00:00                     61090.83333   806 #TRP 
 POTS 14106M003         U        0.02314          2.30713    0.00071          2.28399 meters  2026-02-19 21:00:00                     61090.87500   807 #TRP 
 POTS 14106M003         U        0.02217          2.30616    0.00072          2.28399 meters  2026-02-19 22:00:00                     61090.91667   808 #TRP 
 POTS 14106M003         U        0.02719          2.31118    0.00065          2.28399 meters  2026-02-19 23:00:00                     61090.95833   809 #TRP 
 POTS 14106M003         N       -0.00055         -0.00055    0.00004          0.00000 meters  2026-02-20 00:00:00                     61091.00000   810 #TRP 
 POTS 14106M003         E       -0.00012         -0.00012    0.00004          0.00000 meters  2026-02-20 00:00:00                     61091.00000   811 #TRP 
 POTS 14106M003         U        0.02977          2.31376    0.00092          2.28399 meters  2026-02-20 00:00:00                     61091.00000   812 #TRP 
 RIGA 12302M002         N       -0.00065         -0.00065    0.00007          0.00000 meters  2026-02-19 00:00:00                     61090.00000   813 #TRP 
 RIGA 12302M002         E       -0.00017         -0.00017    0.00007          0.00000 meters  2026-02-19 00:00:00                     61090.00000   814 #TRP 
 RIGA 12302M002         U        0.03228          2.33298    0.00112          2.30070 meters  2026-02-19 00:00:00                     61090.00000   815 #TRP 
 RIGA 12302M002         U        0.03005          2.33076    0.00094          2.30071 meters  2026-02-19 01:00:00                     61090.04167   816 #TRP 
 RIGA 12302M002         U        0.02973          2.33044    0.00087          2.30071 meters  2026-02-19 02:00:00                     61090.08333   817 #TRP 
 RIGA 12302M002         U        0.02816          2.32887    0.00082          2.30071 meters  2026-02-19 03:00:00                     61090.12500   818 #TRP 
 RIGA 12302M002         U        0.02743          2.32814    0.00083          2.30071 meters  2026-02-19 04:00:00                     61090.16667   819 #TRP 
 RIGA 12302M002         U        0.02680          2.32752    0.00077          2.30071 meters  2026-02-19 05:00:00                     61090.20833   820 #TRP 
 RIGA 12302M002         U        0.02913          2.32985    0.00088          2.30072 meters  2026-02-19 06:00:00                     61090.25000   821 #TRP 
 RIGA 12302M002         U        0.02239          2.32311    0.00081          2.30072 meters  2026-02-19 07:00:00                     61090.29167   822 #TRP 
 RIGA 12302M002         U        0.02234          2.32306    0.00085          2.30072 meters  2026-02-19 08:00:00                     61090.33333   823 #TRP 
 RIGA 12302M002         U        0.02418          2.32490    0.00090          2.30072 meters  2026-02-19 09:00:00                     61090.37500   824 #TRP 
 RIGA 12302M002         U        0.02237          2.32309    0.00085          2.30072 meters  2026-02-19 10:00:00                     61090.41667   825 #TRP 
 RIGA 12302M002         U        0.02412          2.32485    0.00082          2.30073 meters  2026-02-19 11:00:00                     61090.45833   826 #TRP 
 RIGA 12302M002         U        0.02423          2.32496    0.00085          2.30073 meters  2026-02-19 12:00:00                     61090.50000   827 #TRP 
 RIGA 12302M002         U        0.02688          2.32761    0.00079          2.30073 meters  2026-02-19 13:00:00                     61090.54167   828 #TRP 
 RIGA 12302M002         U        0.02226          2.32300    0.00089          2.30073 meters  2026-02-19 14:00:00                     61090.58333   829 #TRP 
 RIGA 12302M002         U        0.02978          2.33052    0.00086          2.30074 meters  2026-02-19 15:00:00                     61090.62500   830 #TRP 
 RIGA 12302M002         U        0.02836          2.32909    0.00083          2.30074 meters  2026-02-19 16:00:00                     61090.66667   831 #TRP 
 RIGA 12302M002         U        0.03179          2.33252    0.00088          2.30074 meters  2026-02-19 17:00:00                     61090.70833   832 #TRP 
 RIGA 12302M002         U        0.03100          2.33174    0.00097          2.30074 meters  2026-02-19 18:00:00                     61090.75000   833 #TRP 
 RIGA 12302M002         U        0.03019          2.33093    0.00083          2.30074 meters  2026-02-19 19:00:00                     61090.79167   834 #TRP 
 RIGA 12302M002         U        0.03063          2.33137    0.00092          2.30075 meters  2026-02-19 20:00:00                     61090.83333   835 #TRP 
 RIGA 12302M002         U        0.03386          2.33461    0.00094          2.30075 meters  2026-02-19 21:00:00                     61090.87500   836 #TRP 
 RIGA 12302M002         U        0.03510          2.33585    0.00095          2.30075 meters  2026-02-19 22:00:00                     61090.91667   837 #TRP 
 RIGA 12302M002         U        0.03582          2.33657    0.00101          2.30075 meters  2026-02-19 23:00:00                     61090.95833   838 #TRP 
 RIGA 12302M002         N       -0.00035         -0.00035    0.00007          0.00000 meters  2026-02-20 00:00:00                     61091.00000   839 #TRP 
 RIGA 12302M002         E       -0.00061         -0.00061    0.00008          0.00000 meters  2026-02-20 00:00:00                     61091.00000   840 #TRP 
 RIGA 12302M002         U        0.04120          2.34196    0.00132          2.30075 meters  2026-02-20 00:00:00                     61091.00000   841 #TRP 
 SCIL 19201M001         N       -0.00061         -0.00061    0.00004          0.00000 meters  2026-02-19 00:00:00                     61090.00000   842 #TRP 
 SCIL 19201M001         E       -0.00105         -0.00105    0.00006          0.00000 meters  2026-02-19 00:00:00                     61090.00000   843 #TRP 
 SCIL 19201M001         U        0.03205          2.33864    0.00098          2.30660 meters  2026-02-19 00:00:00                     61090.00000   844 #TRP 
 SCIL 19201M001         U        0.03183          2.33843    0.00069          2.30660 meters  2026-02-19 01:00:00                     61090.04167   845 #TRP 
 SCIL 19201M001         U        0.03397          2.34056    0.00065          2.30659 meters  2026-02-19 02:00:00                     61090.08333   846 #TRP 
 SCIL 19201M001         U        0.04386          2.35046    0.00067          2.30659 meters  2026-02-19 03:00:00                     61090.12500   847 #TRP 
 SCIL 19201M001         U        0.05456          2.36116    0.00071          2.30659 meters  2026-02-19 04:00:00                     61090.16667   848 #TRP 
 SCIL 19201M001         U        0.05561          2.36221    0.00055          2.30659 meters  2026-02-19 05:00:00                     61090.20833   849 #TRP 
 SCIL 19201M001         U        0.05792          2.36451    0.00066          2.30659 meters  2026-02-19 06:00:00                     61090.25000   850 #TRP 
 SCIL 19201M001         U        0.05548          2.36207    0.00060          2.30659 meters  2026-02-19 07:00:00                     61090.29167   851 #TRP 
 SCIL 19201M001         U        0.05836          2.36495    0.00056          2.30659 meters  2026-02-19 08:00:00                     61090.33333   852 #TRP 
 SCIL 19201M001         U        0.05758          2.36417    0.00059          2.30659 meters  2026-02-19 09:00:00                     61090.37500   853 #TRP 
 SCIL 19201M001         U        0.05629          2.36288    0.00065          2.30659 meters  2026-02-19 10:00:00                     61090.41667   854 #TRP 
 SCIL 19201M001         U        0.06327          2.36986    0.00060          2.30659 meters  2026-02-19 11:00:00                     61090.45833   855 #TRP 
 SCIL 19201M001         U        0.07515          2.38174    0.00066          2.30659 meters  2026-02-19 12:00:00                     61090.50000   856 #TRP 
 SCIL 19201M001         U        0.07384          2.38043    0.00067          2.30659 meters  2026-02-19 13:00:00                     61090.54167   857 #TRP 
 SCIL 19201M001         U        0.06940          2.37599    0.00064          2.30659 meters  2026-02-19 14:00:00                     61090.58333   858 #TRP 
 SCIL 19201M001         U        0.04864          2.35523    0.00099          2.30659 meters  2026-02-19 15:00:00                     61090.62500   859 #TRP 
 SCIL 19201M001         U        0.03683          2.34342    0.00100          2.30659 meters  2026-02-19 16:00:00                     61090.66667   860 #TRP 
 SCIL 19201M001         U        0.04142          2.34801    0.00104          2.30659 meters  2026-02-19 17:00:00                     61090.70833   861 #TRP 
 SCIL 19201M001         U        0.04976          2.35634    0.00110          2.30659 meters  2026-02-19 18:00:00                     61090.75000   862 #TRP 
 SCIL 19201M001         U        0.05893          2.36552    0.00120          2.30659 meters  2026-02-19 19:00:00                     61090.79167   863 #TRP 
 SCIL 19201M001         U        0.06968          2.37627    0.00116          2.30659 meters  2026-02-19 20:00:00                     61090.83333   864 #TRP 
 SCIL 19201M001         U        0.08008          2.38667    0.00110          2.30658 meters  2026-02-19 21:00:00                     61090.87500   865 #TRP 
 SCIL 19201M001         U        0.09108          2.39767    0.00122          2.30658 meters  2026-02-19 22:00:00                     61090.91667   866 #TRP 
 SCIL 19201M001         U        0.09474          2.40132    0.00123          2.30658 meters  2026-02-19 23:00:00                     61090.95833   867 #TRP 
 SCIL 19201M001         N       -0.00065         -0.00065    0.00005          0.00000 meters  2026-02-20 00:00:00                     61091.00000   868 #TRP 
 SCIL 19201M001         E       -0.00093         -0.00093    0.00006          0.00000 meters  2026-02-20 00:00:00                     61091.00000   869 #TRP 
 SCIL 19201M001         U        0.09191          2.39849    0.00147          2.30658 meters  2026-02-20 00:00:00                     61091.00000   870 #TRP 
 SID0 12132M001         N       -0.00003         -0.00003    0.00008          0.00000 meters  2026-02-19 00:00:00                     61090.00000   871 #TRP 
 SID0 12132M001         E       -0.00020         -0.00020    0.00007          0.00000 meters  2026-02-19 00:00:00                     61090.00000   872 #TRP 
 SID0 12132M001         U        0.06090          2.34563    0.00130          2.28474 meters  2026-02-19 00:00:00                     61090.00000   873 #TRP 
 SID0 12132M001         U        0.05226          2.33699    0.00100          2.28474 meters  2026-02-19 01:00:00                     61090.04167   874 #TRP 
 SID0 12132M001         U        0.06287          2.34760    0.00091          2.28473 meters  2026-02-19 02:00:00                     61090.08333   875 #TRP 
 SID0 12132M001         U        0.06478          2.34952    0.00101          2.28473 meters  2026-02-19 03:00:00                     61090.12500   876 #TRP 
 SID0 12132M001         U        0.06629          2.35102    0.00099          2.28473 meters  2026-02-19 04:00:00                     61090.16667   877 #TRP 
 SID0 12132M001         U        0.06572          2.35045    0.00084          2.28473 meters  2026-02-19 05:00:00                     61090.20833   878 #TRP 
 SID0 12132M001         U        0.06321          2.34795    0.00091          2.28473 meters  2026-02-19 06:00:00                     61090.25000   879 #TRP 
 SID0 12132M001         U        0.06451          2.34924    0.00093          2.28473 meters  2026-02-19 07:00:00                     61090.29167   880 #TRP 
 SID0 12132M001         U        0.06669          2.35142    0.00081          2.28473 meters  2026-02-19 08:00:00                     61090.33333   881 #TRP 
 SID0 12132M001         U        0.06091          2.34564    0.00098          2.28473 meters  2026-02-19 09:00:00                     61090.37500   882 #TRP 
 SID0 12132M001         U        0.06704          2.35177    0.00101          2.28473 meters  2026-02-19 10:00:00                     61090.41667   883 #TRP 
 SID0 12132M001         U        0.06643          2.35115    0.00084          2.28473 meters  2026-02-19 11:00:00                     61090.45833   884 #TRP 
 SID0 12132M001         U        0.06646          2.35119    0.00090          2.28472 meters  2026-02-19 12:00:00                     61090.50000   885 #TRP 
 SID0 12132M001         U        0.06784          2.35256    0.00086          2.28472 meters  2026-02-19 13:00:00                     61090.54167   886 #TRP 
 SID0 12132M001         U        0.07092          2.35564    0.00085          2.28472 meters  2026-02-19 14:00:00                     61090.58333   887 #TRP 
 SID0 12132M001         U        0.07310          2.35782    0.00098          2.28472 meters  2026-02-19 15:00:00                     61090.62500   888 #TRP 
 SID0 12132M001         U        0.07064          2.35537    0.00094          2.28472 meters  2026-02-19 16:00:00                     61090.66667   889 #TRP 
 SID0 12132M001         U        0.07072          2.35544    0.00106          2.28472 meters  2026-02-19 17:00:00                     61090.70833   890 #TRP 
 SID0 12132M001         U        0.07060          2.35532    0.00112          2.28472 meters  2026-02-19 18:00:00                     61090.75000   891 #TRP 
 SID0 12132M001         U        0.07356          2.35828    0.00086          2.28472 meters  2026-02-19 19:00:00                     61090.79167   892 #TRP 
 SID0 12132M001         U        0.07638          2.36110    0.00120          2.28472 meters  2026-02-19 20:00:00                     61090.83333   893 #TRP 
 SID0 12132M001         U        0.07849          2.36321    0.00167          2.28472 meters  2026-02-19 21:00:00                     61090.87500   894 #TRP 
 SID0 12132M001         U        0.08158          2.36629    0.00130          2.28472 meters  2026-02-19 22:00:00                     61090.91667   895 #TRP 
 SID0 12132M001         U        0.07390          2.35862    0.00092          2.28471 meters  2026-02-19 23:00:00                     61090.95833   896 #TRP 
 SID0 12132M001         N       -0.00014         -0.00014    0.00008          0.00000 meters  2026-02-20 00:00:00                     61091.00000   897 #TRP 
 SID0 12132M001         E        0.00001          0.00001    0.00007          0.00000 meters  2026-02-20 00:00:00                     61091.00000   898 #TRP 
 SID0 12132M001         U        0.07673          2.36145    0.00135          2.28471 meters  2026-02-20 00:00:00                     61091.00000   899 #TRP 
 SUBO 12116M001         N       -0.00029         -0.00029    0.00008          0.00000 meters  2026-02-19 00:00:00                     61090.00000   900 #TRP 
 SUBO 12116M001         E       -0.00034         -0.00034    0.00007          0.00000 meters  2026-02-19 00:00:00                     61090.00000   901 #TRP 
 SUBO 12116M001         U        0.06865          2.34825    0.00136          2.27959 meters  2026-02-19 00:00:00                     61090.00000   902 #TRP 
 SUBO 12116M001         U        0.06164          2.34124    0.00112          2.27959 meters  2026-02-19 01:00:00                     61090.04167   903 #TRP 
 SUBO 12116M001         U        0.06229          2.34189    0.00094          2.27959 meters  2026-02-19 02:00:00                     61090.08333   904 #TRP 
 SUBO 12116M001         U        0.06441          2.34400    0.00108          2.27959 meters  2026-02-19 03:00:00                     61090.12500   905 #TRP 
 SUBO 12116M001         U        0.06476          2.34435    0.00102          2.27959 meters  2026-02-19 04:00:00                     61090.16667   906 #TRP 
 SUBO 12116M001         U        0.07539          2.35498    0.00090          2.27959 meters  2026-02-19 05:00:00                     61090.20833   907 #TRP 
 SUBO 12116M001         U        0.08518          2.36477    0.00100          2.27959 meters  2026-02-19 06:00:00                     61090.25000   908 #TRP 
 SUBO 12116M001         U        0.08392          2.36351    0.00096          2.27959 meters  2026-02-19 07:00:00                     61090.29167   909 #TRP 
 SUBO 12116M001         U        0.07983          2.35942    0.00085          2.27959 meters  2026-02-19 08:00:00                     61090.33333   910 #TRP 
 SUBO 12116M001         U        0.07735          2.35694    0.00114          2.27959 meters  2026-02-19 09:00:00                     61090.37500   911 #TRP 
 SUBO 12116M001         U        0.07490          2.35448    0.00110          2.27959 meters  2026-02-19 10:00:00                     61090.41667   912 #TRP 
 SUBO 12116M001         U        0.07352          2.35310    0.00088          2.27959 meters  2026-02-19 11:00:00                     61090.45833   913 #TRP 
 SUBO 12116M001         U        0.07816          2.35774    0.00097          2.27959 meters  2026-02-19 12:00:00                     61090.50000   914 #TRP 
 SUBO 12116M001         U        0.07497          2.35455    0.00092          2.27958 meters  2026-02-19 13:00:00                     61090.54167   915 #TRP 
 SUBO 12116M001         U        0.06914          2.34872    0.00089          2.27958 meters  2026-02-19 14:00:00                     61090.58333   916 #TRP 
 SUBO 12116M001         U        0.07995          2.35953    0.00110          2.27958 meters  2026-02-19 15:00:00                     61090.62500   917 #TRP 
 SUBO 12116M001         U        0.07468          2.35427    0.00098          2.27958 meters  2026-02-19 16:00:00                     61090.66667   918 #TRP 
 SUBO 12116M001         U        0.07714          2.35672    0.00114          2.27958 meters  2026-02-19 17:00:00                     61090.70833   919 #TRP 
 SUBO 12116M001         U        0.07556          2.35514    0.00120          2.27958 meters  2026-02-19 18:00:00                     61090.75000   920 #TRP 
 SUBO 12116M001         U        0.07968          2.35926    0.00092          2.27958 meters  2026-02-19 19:00:00                     61090.79167   921 #TRP 
 SUBO 12116M001         U        0.08244          2.36202    0.00122          2.27958 meters  2026-02-19 20:00:00                     61090.83333   922 #TRP 
 SUBO 12116M001         U        0.08371          2.36329    0.00176          2.27958 meters  2026-02-19 21:00:00                     61090.87500   923 #TRP 
 SUBO 12116M001         U        0.08043          2.36001    0.00136          2.27958 meters  2026-02-19 22:00:00                     61090.91667   924 #TRP 
 SUBO 12116M001         U        0.09317          2.37275    0.00094          2.27958 meters  2026-02-19 23:00:00                     61090.95833   925 #TRP 
 SUBO 12116M001         N       -0.00038         -0.00038    0.00008          0.00000 meters  2026-02-20 00:00:00                     61091.00000   926 #TRP 
 SUBO 12116M001         E       -0.00022         -0.00022    0.00008          0.00000 meters  2026-02-20 00:00:00                     61091.00000   927 #TRP 
 SUBO 12116M001         U        0.09374          2.37332    0.00136          2.27958 meters  2026-02-20 00:00:00                     61091.00000   928 #TRP 
 TLSE 10003M009         N       -0.00017         -0.00017    0.00010          0.00000 meters  2026-02-19 00:00:00                     61090.00000   929 #TRP 
 TLSE 10003M009         E        0.00010          0.00010    0.00008          0.00000 meters  2026-02-19 00:00:00                     61090.00000   930 #TRP 
 TLSE 10003M009         U        0.05773          2.33977    0.00140          2.28204 meters  2026-02-19 00:00:00                     61090.00000   931 #TRP 
 TLSE 10003M009         U        0.05110          2.33313    0.00089          2.28203 meters  2026-02-19 01:00:00                     61090.04167   932 #TRP 
 TLSE 10003M009         U        0.04843          2.33046    0.00088          2.28203 meters  2026-02-19 02:00:00                     61090.08333   933 #TRP 
 TLSE 10003M009         U        0.03693          2.31896    0.00086          2.28203 meters  2026-02-19 03:00:00                     61090.12500   934 #TRP 
 TLSE 10003M009         U        0.04649          2.32852    0.00088          2.28203 meters  2026-02-19 04:00:00                     61090.16667   935 #TRP 
 TLSE 10003M009         U        0.05312          2.33515    0.00072          2.28203 meters  2026-02-19 05:00:00                     61090.20833   936 #TRP 
 TLSE 10003M009         U        0.06367          2.34570    0.00088          2.28202 meters  2026-02-19 06:00:00                     61090.25000   937 #TRP 
 TLSE 10003M009         U        0.06963          2.35165    0.00077          2.28202 meters  2026-02-19 07:00:00                     61090.29167   938 #TRP 
 TLSE 10003M009         U        0.07431          2.35633    0.00069          2.28202 meters  2026-02-19 08:00:00                     61090.33333   939 #TRP 
 TLSE 10003M009         U        0.07391          2.35593    0.00071          2.28202 meters  2026-02-19 09:00:00                     61090.37500   940 #TRP 
 TLSE 10003M009         U        0.06857          2.35059    0.00087          2.28202 meters  2026-02-19 10:00:00                     61090.41667   941 #TRP 
 TLSE 10003M009         U        0.06460          2.34661    0.00072          2.28202 meters  2026-02-19 11:00:00                     61090.45833   942 #TRP 
 TLSE 10003M009         U        0.08239          2.36440    0.00077          2.28201 meters  2026-02-19 12:00:00                     61090.50000   943 #TRP 
 TLSE 10003M009         U        0.07731          2.35932    0.00084          2.28201 meters  2026-02-19 13:00:00                     61090.54167   944 #TRP 
 TLSE 10003M009         U        0.07477          2.35678    0.00123          2.28201 meters  2026-02-19 14:00:00                     61090.58333   945 #TRP 
 TLSE 10003M009         N       -0.00041         -0.00041    0.00017          0.00000 meters  2026-02-20 00:00:00                     61091.00000   946 #TRP 
 TLSE 10003M009         E       -0.00115         -0.00115    0.00016          0.00000 meters  2026-02-20 00:00:00                     61091.00000   947 #TRP 
 VIS0 10423M001         N       -0.00040         -0.00040    0.00006          0.00000 meters  2026-02-19 00:00:00                     61090.00000   948 #TRP 
 VIS0 10423M001         E        0.00019          0.00019    0.00005          0.00000 meters  2026-02-19 00:00:00                     61090.00000   949 #TRP 
 VIS0 10423M001         U        0.02788          2.31592    0.00104          2.28804 meters  2026-02-19 00:00:00                     61090.00000   950 #TRP 
 VIS0 10423M001         U        0.02323          2.31127    0.00087          2.28804 meters  2026-02-19 01:00:00                     61090.04167   951 #TRP 
 VIS0 10423M001         U        0.02298          2.31102    0.00078          2.28804 meters  2026-02-19 02:00:00                     61090.08333   952 #TRP 
 VIS0 10423M001         U        0.02080          2.30885    0.00079          2.28805 meters  2026-02-19 03:00:00                     61090.12500   953 #TRP 
 VIS0 10423M001         U        0.02313          2.31118    0.00082          2.28805 meters  2026-02-19 04:00:00                     61090.16667   954 #TRP 
 VIS0 10423M001         U        0.02245          2.31050    0.00073          2.28805 meters  2026-02-19 05:00:00                     61090.20833   955 #TRP 
 VIS0 10423M001         U        0.02407          2.31212    0.00080          2.28805 meters  2026-02-19 06:00:00                     61090.25000   956 #TRP 
 VIS0 10423M001         U        0.02169          2.30975    0.00073          2.28805 meters  2026-02-19 07:00:00                     61090.29167   957 #TRP 
 VIS0 10423M001         U        0.02649          2.31455    0.00076          2.28806 meters  2026-02-19 08:00:00                     61090.33333   958 #TRP 
 VIS0 10423M001         U        0.03282          2.32088    0.00084          2.28806 meters  2026-02-19 09:00:00                     61090.37500   959 #TRP 
 VIS0 10423M001         U        0.02781          2.31587    0.00084          2.28806 meters  2026-02-19 10:00:00                     61090.41667   960 #TRP 
 VIS0 10423M001         U        0.03025          2.31831    0.00078          2.28806 meters  2026-02-19 11:00:00                     61090.45833   961 #TRP 
 VIS0 10423M001         U        0.02941          2.31747    0.00084          2.28806 meters  2026-02-19 12:00:00                     61090.50000   962 #TRP 
 VIS0 10423M001         U        0.02785          2.31592    0.00072          2.28807 meters  2026-02-19 13:00:00                     61090.54167   963 #TRP 
 VIS0 10423M001         U        0.02488          2.31295    0.00079          2.28807 meters  2026-02-19 14:00:00                     61090.58333   964 #TRP 
 VIS0 10423M001         U        0.03131          2.31938    0.00083          2.28807 meters  2026-02-19 15:00:00                     61090.62500   965 #TRP 
 VIS0 10423M001         U        0.03137          2.31945    0.00078          2.28807 meters  2026-02-19 16:00:00                     61090.66667   966 #TRP 
 VIS0 10423M001         U        0.03157          2.31965    0.00077          2.28808 meters  2026-02-19 17:00:00                     61090.70833   967 #TRP 
 VIS0 10423M001         U        0.03202          2.32009    0.00093          2.28808 meters  2026-02-19 18:00:00                     61090.75000   968 #TRP 
 VIS0 10423M001         U        0.03479          2.32287    0.00080          2.28808 meters  2026-02-19 19:00:00                     61090.79167   969 #TRP 
 VIS0 10423M001         U        0.03419          2.32227    0.00082          2.28808 meters  2026-02-19 20:00:00                     61090.83333   970 #TRP 
 VIS0 10423M001         U        0.03777          2.32586    0.00090          2.28808 meters  2026-02-19 21:00:00                     61090.87500   971 #TRP 
 VIS0 10423M001         U        0.03485          2.32293    0.00089          2.28809 meters  2026-02-19 22:00:00                     61090.91667   972 #TRP 
 VIS0 10423M001         U        0.03719          2.32527    0.00084          2.28809 meters  2026-02-19 23:00:00                     61090.95833   973 #TRP 
 VIS0 10423M001         N       -0.00046         -0.00046    0.00007          0.00000 meters  2026-02-20 00:00:00                     61091.00000   974 #TRP 
 VIS0 10423M001         E       -0.00072         -0.00072    0.00006          0.00000 meters  2026-02-20 00:00:00                     61091.00000   975 #TRP 
 VIS0 10423M001         U        0.04465          2.33274    0.00127          2.28809 meters  2026-02-20 00:00:00                     61091.00000   976 #TRP 
 WTZR 14201M010         N       -0.00077         -0.00077    0.00004          0.00000 meters  2026-02-19 00:00:00                     61090.00000   977 #TRP 
 WTZR 14201M010         E       -0.00027         -0.00027    0.00004          0.00000 meters  2026-02-19 00:00:00                     61090.00000   978 #TRP 
 WTZR 14201M010         U        0.01116          2.16286    0.00083          2.15170 meters  2026-02-19 00:00:00                     61090.00000   979 #TRP 
 WTZR 14201M010         U        0.01163          2.16333    0.00071          2.15170 meters  2026-02-19 01:00:00                     61090.04167   980 #TRP 
 WTZR 14201M010         U        0.01512          2.16682    0.00064          2.15170 meters  2026-02-19 02:00:00                     61090.08333   981 #TRP 
 WTZR 14201M010         U        0.02390          2.17559    0.00061          2.15169 meters  2026-02-19 03:00:00                     61090.12500   982 #TRP 
 WTZR 14201M010         U        0.03488          2.18658    0.00065          2.15169 meters  2026-02-19 04:00:00                     61090.16667   983 #TRP 
 WTZR 14201M010         U        0.03768          2.18937    0.00057          2.15169 meters  2026-02-19 05:00:00                     61090.20833   984 #TRP 
 WTZR 14201M010         U        0.03879          2.19048    0.00066          2.15169 meters  2026-02-19 06:00:00                     61090.25000   985 #TRP 
 WTZR 14201M010         U        0.04007          2.19177    0.00062          2.15169 meters  2026-02-19 07:00:00                     61090.29167   986 #TRP 
 WTZR 14201M010         U        0.04610          2.19779    0.00058          2.15169 meters  2026-02-19 08:00:00                     61090.33333   987 #TRP 
 WTZR 14201M010         U        0.05005          2.20174    0.00068          2.15169 meters  2026-02-19 09:00:00                     61090.37500   988 #TRP 
 WTZR 14201M010         U        0.05137          2.20306    0.00072          2.15169 meters  2026-02-19 10:00:00                     61090.41667   989 #TRP 
 WTZR 14201M010         U        0.05052          2.20221    0.00057          2.15169 meters  2026-02-19 11:00:00                     61090.45833   990 #TRP 
 WTZR 14201M010         U        0.05123          2.20292    0.00062          2.15169 meters  2026-02-19 12:00:00                     61090.50000   991 #TRP 
 WTZR 14201M010         U        0.04998          2.20167    0.00059          2.15169 meters  2026-02-19 13:00:00                     61090.54167   992 #TRP 
 WTZR 14201M010         U        0.04579          2.19748    0.00063          2.15169 meters  2026-02-19 14:00:00                     61090.58333   993 #TRP 
 WTZR 14201M010         U        0.05330          2.20499    0.00065          2.15169 meters  2026-02-19 15:00:00                     61090.62500   994 #TRP 
 WTZR 14201M010         U        0.05003          2.20172    0.00066          2.15169 meters  2026-02-19 16:00:00                     61090.66667   995 #TRP 
 WTZR 14201M010         U        0.05004          2.20172    0.00066          2.15169 meters  2026-02-19 17:00:00                     61090.70833   996 #TRP 
 WTZR 14201M010         U        0.05007          2.20176    0.00070          2.15169 meters  2026-02-19 18:00:00                     61090.75000   997 #TRP 
 WTZR 14201M010         U        0.05001          2.20170    0.00064          2.15169 meters  2026-02-19 19:00:00                     61090.79167   998 #TRP 
 WTZR 14201M010         U        0.05233          2.20402    0.00068          2.15169 meters  2026-02-19 20:00:00                     61090.83333   999 #TRP 
 WTZR 14201M010         U        0.04928          2.20097    0.00074          2.15169 meters  2026-02-19 21:00:00                     61090.87500  1000 #TRP 
 WTZR 14201M010         U        0.04660          2.19829    0.00073          2.15169 meters  2026-02-19 22:00:00                     61090.91667  1001 #TRP 
 WTZR 14201M010         U        0.05100          2.20268    0.00069          2.15169 meters  2026-02-19 23:00:00                     61090.95833  1002 #TRP 
 WTZR 14201M010         N       -0.00049         -0.00049    0.00005          0.00000 meters  2026-02-20 00:00:00                     61091.00000  1003 #TRP 
 WTZR 14201M010         E        0.00001          0.00001    0.00004          0.00000 meters  2026-02-20 00:00:00                     61091.00000  1004 #TRP 
 WTZR 14201M010         U        0.05496          2.20664    0.00093          2.15168 meters  2026-02-20 00:00:00                     61091.00000  1005 #TRP 
 ZADA 11905M001         N       -0.00009         -0.00009    0.00005          0.00000 meters  2026-02-19 00:00:00                     61090.00000  1006 #TRP 
 ZADA 11905M001         E       -0.00027         -0.00027    0.00004          0.00000 meters  2026-02-19 00:00:00                     61090.00000  1007 #TRP 
 ZADA 11905M001         U        0.07270          2.38736    0.00113          2.31465 meters  2026-02-19 00:00:00                     61090.00000  1008 #TRP 
 ZADA 11905M001         U        0.07291          2.38756    0.00077          2.31465 meters  2026-02-19 01:00:00                     61090.04167  1009 #TRP 
 ZADA 11905M001         U        0.08233          2.39698    0.00068          2.31465 meters  2026-02-19 02:00:00                     61090.08333  1010 #TRP 
 ZADA 11905M001         U        0.07977          2.39442    0.00064          2.31465 meters  2026-02-19 03:00:00                     61090.12500  1011 #TRP 
 ZADA 11905M001         U        0.07457          2.38922    0.00075          2.31465 meters  2026-02-19 04:00:00                     61090.16667  1012 #TRP 
 ZADA 11905M001         U        0.08009          2.39473    0.00063          2.31465 meters  2026-02-19 05:00:00                     61090.20833  1013 #TRP 
 ZADA 11905M001         U        0.07634          2.39098    0.00072          2.31465 meters  2026-02-19 06:00:00                     61090.25000  1014 #TRP 
 ZADA 11905M001         U        0.08236          2.39700    0.00064          2.31464 meters  2026-02-19 07:00:00                     61090.29167  1015 #TRP 
 ZADA 11905M001         U        0.08694          2.40158    0.00065          2.31464 meters  2026-02-19 08:00:00                     61090.33333  1016 #TRP 
 ZADA 11905M001         U        0.08368          2.39832    0.00070          2.31464 meters  2026-02-19 09:00:00                     61090.37500  1017 #TRP 
 ZADA 11905M001         U        0.09080          2.40544    0.00070          2.31464 meters  2026-02-19 10:00:00                     61090.41667  1018 #TRP 
 ZADA 11905M001         U        0.08101          2.39565    0.00058          2.31464 meters  2026-02-19 11:00:00                     61090.45833  1019 #TRP 
 ZADA 11905M001         U        0.08754          2.40218    0.00072          2.31464 meters  2026-02-19 12:00:00                     61090.50000  1020 #TRP 
 ZADA 11905M001         U        0.08642          2.40105    0.00065          2.31464 meters  2026-02-19 13:00:00                     61090.54167  1021 #TRP 
 ZADA 11905M001         U        0.08516          2.39980    0.00068          2.31464 meters  2026-02-19 14:00:00                     61090.58333  1022 #TRP 
 ZADA 11905M001         U        0.09162          2.40625    0.00066          2.31463 meters  2026-02-19 15:00:00                     61090.62500  1023 #TRP 
 ZADA 11905M001         U        0.09118          2.40581    0.00073          2.31463 meters  2026-02-19 16:00:00                     61090.66667  1024 #TRP 
 ZADA 11905M001         U        0.10226          2.41690    0.00079          2.31463 meters  2026-02-19 17:00:00                     61090.70833  1025 #TRP 
 ZADA 11905M001         U        0.09947          2.41410    0.00076          2.31463 meters  2026-02-19 18:00:00                     61090.75000  1026 #TRP 
 ZADA 11905M001         U        0.08960          2.40423    0.00065          2.31463 meters  2026-02-19 19:00:00                     61090.79167  1027 #TRP 
 ZADA 11905M001         U        0.08355          2.39817    0.00075          2.31463 meters  2026-02-19 20:00:00                     61090.83333  1028 #TRP 
 ZADA 11905M001         U        0.08171          2.39633    0.00073          2.31463 meters  2026-02-19 21:00:00                     61090.87500  1029 #TRP 
 ZADA 11905M001         U        0.07401          2.38864    0.00076          2.31462 meters  2026-02-19 22:00:00                     61090.91667  1030 #TRP 
 ZADA 11905M001         U        0.07273          2.38735    0.00069          2.31462 meters  2026-02-19 23:00:00                     61090.95833  1031 #TRP 
 ZADA 11905M001         N       -0.00035         -0.00035    0.00005          0.00000 meters  2026-02-20 00:00:00                     61091.00000  1032 #TRP 
 ZADA 11905M001         E        0.00083          0.00083    0.00005          0.00000 meters  2026-02-20 00:00:00                     61091.00000  1033 #TRP 
 ZADA 11905M001         U        0.07744          2.39206    0.00102          2.31462 meters  2026-02-20 00:00:00                     61091.00000  1034 #TRP 
 ZIM2 14001M008         N       -0.00032         -0.00032    0.00005          0.00000 meters  2026-02-19 00:00:00                     61090.00000  1035 #TRP 
 ZIM2 14001M008         E        0.00022          0.00022    0.00005          0.00000 meters  2026-02-19 00:00:00                     61090.00000  1036 #TRP 
 ZIM2 14001M008         U        0.03909          2.12156    0.00098          2.08247 meters  2026-02-19 00:00:00                     61090.00000  1037 #TRP 
 ZIM2 14001M008         U        0.03865          2.12112    0.00067          2.08247 meters  2026-02-19 01:00:00                     61090.04167  1038 #TRP 
 ZIM2 14001M008         U        0.04775          2.13022    0.00067          2.08247 meters  2026-02-19 02:00:00                     61090.08333  1039 #TRP 
 ZIM2 14001M008         U        0.04012          2.12259    0.00064          2.08247 meters  2026-02-19 03:00:00                     61090.12500  1040 #TRP 
 ZIM2 14001M008         U        0.03626          2.11872    0.00067          2.08247 meters  2026-02-19 04:00:00                     61090.16667  1041 #TRP 
 ZIM2 14001M008         U        0.03641          2.11887    0.00057          2.08246 meters  2026-02-19 05:00:00                     61090.20833  1042 #TRP 
 ZIM2 14001M008         U        0.03294          2.11540    0.00070          2.08246 meters  2026-02-19 06:00:00                     61090.25000  1043 #TRP 
 ZIM2 14001M008         U        0.02624          2.10870    0.00061          2.08246 meters  2026-02-19 07:00:00                     61090.29167  1044 #TRP 
 ZIM2 14001M008         U        0.02360          2.10606    0.00056          2.08246 meters  2026-02-19 08:00:00                     61090.33333  1045 #TRP 
 ZIM2 14001M008         U        0.02110          2.10356    0.00063          2.08246 meters  2026-02-19 09:00:00                     61090.37500  1046 #TRP 
 ZIM2 14001M008         U        0.02848          2.11094    0.00067          2.08246 meters  2026-02-19 10:00:00                     61090.41667  1047 #TRP 
 ZIM2 14001M008         U        0.03145          2.11391    0.00059          2.08246 meters  2026-02-19 11:00:00                     61090.45833  1048 #TRP 
 ZIM2 14001M008         U        0.03013          2.11258    0.00065          2.08246 meters  2026-02-19 12:00:00                     61090.50000  1049 #TRP 
 ZIM2 14001M008         U        0.03277          2.11522    0.00061          2.08245 meters  2026-02-19 13:00:00                     61090.54167  1050 #TRP 
 ZIM2 14001M008         U        0.03156          2.11402    0.00066          2.08245 meters  2026-02-19 14:00:00                     61090.58333  1051 #TRP 
 ZIM2 14001M008         U        0.02930          2.11175    0.00077          2.08245 meters  2026-02-19 15:00:00                     61090.62500  1052 #TRP 
 ZIM2 14001M008         U        0.03010          2.11255    0.00072          2.08245 meters  2026-02-19 16:00:00                     61090.66667  1053 #TRP 
 ZIM2 14001M008         U        0.03436          2.11681    0.00069          2.08245 meters  2026-02-19 17:00:00                     61090.70833  1054 #TRP 
 ZIM2 14001M008         U        0.03817          2.12061    0.00079          2.08245 meters  2026-02-19 18:00:00                     61090.75000  1055 #TRP 
 ZIM2 14001M008         U        0.04202          2.12447    0.00066          2.08245 meters  2026-02-19 19:00:00                     61090.79167  1056 #TRP 
 ZIM2 14001M008         U        0.04130          2.12375    0.00066          2.08245 meters  2026-02-19 20:00:00                     61090.83333  1057 #TRP 
 ZIM2 14001M008         U        0.04269          2.12514    0.00068          2.08245 meters  2026-02-19 21:00:00                     61090.87500  1058 #TRP 
 ZIM2 14001M008         U        0.04399          2.12643    0.00072          2.08244 meters  2026-02-19 22:00:00                     61090.91667  1059 #TRP 
 ZIM2 14001M008         U        0.04864          2.13108    0.00073          2.08244 meters  2026-02-19 23:00:00                     61090.95833  1060 #TRP 
 ZIM2 14001M008         N       -0.00039         -0.00039    0.00005          0.00000 meters  2026-02-20 00:00:00                     61091.00000  1061 #TRP 
 ZIM2 14001M008         E       -0.00004         -0.00004    0.00005          0.00000 meters  2026-02-20 00:00:00                     61091.00000  1062 #TRP 
 ZIM2 14001M008         U        0.05299          2.13543    0.00109          2.08244 meters  2026-02-20 00:00:00                     61091.00000  1063 #TRP 


 Station coordinates and velocities:
 ----------------------------------
 Reference epoch: 2026-02-19 12:00:00

 Station name          Typ   A priori value  Estimated value    Correction     RMS error      3-D ellipsoid        2-D ellipse
 ------------------------------------------------------------------------------------------------------------------------------------
 ACOR 13434M001        X      4594489.51780    4594489.46814      -0.04966       0.00085
                       Y      -678367.34520    -678367.23136       0.11384       0.00029
                       Z      4357066.33200    4357066.32842      -0.00358       0.00088

                       U           66.87297         66.82271      -0.05026       0.00118     0.00118    3.2
                       N         43.3643865       43.3643868       0.04256       0.00034     0.00027  105.4     0.00027  106.8
                       E         -8.3989280       -8.3989267       0.10504       0.00028     0.00034    0.9     0.00035

 ADAR 19161M001        X      3852249.20680    3852249.18248      -0.02432       0.00054
                       Y      -319510.41320    -319510.37836       0.03484       0.00020
                       Z      5056510.71210    5056510.73482       0.02272       0.00063

                       U          148.41882        148.42052       0.00170       0.00079     0.00079    3.3
                       N         52.7892186       52.7892189       0.03527       0.00023     0.00020   87.7     0.00020   84.0
                       E         -4.7413319       -4.7413314       0.03257       0.00020     0.00023   -2.2     0.00023

 ARIS 19190M001        X      3472288.23490    3472288.20699      -0.02791       0.00067
                       Y      -355730.24210    -355730.20987       0.03223       0.00023
                       Z      5320461.41820    5320461.43851       0.02031       0.00082

                       U           61.37184         61.37191       0.00007       0.00102     0.00102    5.5
                       N         56.9095895       56.9095899       0.03700       0.00030     0.00022   87.9     0.00023   83.4
                       E         -5.8494511       -5.8494506       0.02908       0.00023     0.00028   -1.9     0.00030

 BOR1 12205M002        X      3738358.09928    3738358.10045       0.00117       0.00036
                       Y      1148174.04122    1148174.04078      -0.00044       0.00017
                       Z      5021815.95329    5021815.95229      -0.00100       0.00045

                       U          124.35839        124.35820      -0.00019       0.00055     0.00055    0.9
                       N         52.2769595       52.2769595      -0.00139       0.00018     0.00014   89.6     0.00014   89.7
                       E         17.0734626       17.0734626      -0.00076       0.00014     0.00018    0.4     0.00018

 BRST 10004M004        X      4231162.33548    4231162.33171      -0.00377       0.00052
                       Y      -332746.30457    -332746.30222       0.00235       0.00019
                       Z      4745131.14476    4745131.13465      -0.01011       0.00058

                       U           65.81464         65.80446      -0.01018       0.00075     0.00075    2.3
                       N         48.3804968       48.3804967      -0.00376       0.00021     0.00019   97.5     0.00019  100.0
                       E         -4.4965898       -4.4965898       0.00204       0.00020     0.00021   -1.1     0.00021

 BUDD 10101S001        X      3513649.02880    3513648.99084      -0.03796       0.00037
                       Y       778955.03930     778955.07177       0.03247       0.00017
                       Z      5248202.13810    5248202.16033       0.02223       0.00049

                       U           87.96743         87.96890       0.00147       0.00058     0.00058    1.5
                       N         55.7388713       55.7388717       0.03724       0.00020     0.00015   89.1     0.00015   88.8
                       E         12.4999659       12.4999665       0.03974       0.00015     0.00020   -0.7     0.00020

 CLIB 11526M001        X      3903194.90810    3903194.86952      -0.03858       0.00037
                       Y      1050232.78310    1050232.81797       0.03487       0.00017
                       Z      4917870.02180    4917870.03711       0.01531       0.00046

                       U          448.35649        448.35052      -0.00597       0.00056     0.00056    0.6
                       N         50.7717075       50.7717077       0.03148       0.00019     0.00015   90.8     0.00015   90.8
                       E         15.0599007       15.0599014       0.04352       0.00015     0.00019    0.3     0.00019

 CTAB 11529M001        X      4022509.68490    4022509.65392      -0.03098       0.00038
                       Y      1053802.15710    1053802.19582       0.03872       0.00017
                       Z      4820712.60750    4820712.63343       0.02593       0.00047

                       U          496.23340        496.23998       0.00658       0.00058     0.00058    1.5
                       N         49.4098021       49.4098024       0.03214       0.00019     0.00015   89.7     0.00015   89.7
                       E         14.6802282       14.6802288       0.04513       0.00015     0.00019    0.0     0.00019

 DEVA 11408M001        X      4097210.18640    4097210.15331      -0.03309       0.00059
                       Y      1731870.71460    1731870.75339       0.03879       0.00033
                       Z      4556026.94470    4556026.97386       0.02916       0.00069

                       U          246.64079        246.65102       0.01023       0.00091     0.00091    1.8
                       N         45.8784202       45.8784205       0.03133       0.00025     0.00020   79.4     0.00020   80.4
                       E         22.9135429       22.9135435       0.04844       0.00021     0.00025   -1.1     0.00025

 DLF1 13502M009        X      3924697.54604    3924697.54904       0.00300       0.00047
                       Y       301125.37551     301125.37593       0.00042       0.00017
                       Z      5001905.39539    5001905.39867       0.00328       0.00052

                       U           75.81758         75.82202       0.00444       0.00067     0.00068    4.4
                       N         51.9860220       51.9860220      -0.00036       0.00020     0.00016   91.7     0.00016   88.4
                       E          4.3874659        4.3874659       0.00019       0.00016     0.00020   -1.8     0.00020

 GJML 12121M001        X      4304059.86740    4304059.16349      -0.70391       0.00068
                       Y      1605810.70760    1605811.32217       0.61457       0.00035
                       Z      4410324.29590    4410324.72047       0.42457       0.00075

                       U          389.58508        389.56040      -0.02468       0.00101     0.00101    2.1
                       N         44.0245515       44.0245570       0.61447       0.00028     0.00022   84.1     0.00022   85.5
                       E         20.4601474       20.4601576       0.81921       0.00022     0.00027   -1.4     0.00028

 GLSV 12356M001        X      3512888.54331    3512888.53758      -0.00573       0.00070
                       Y      2068980.18540    2068980.18063      -0.00477       0.00041
                       Z      4888903.37374    4888903.37062      -0.00312       0.00083

                       U          226.31848        226.31138      -0.00710       0.00109     0.00109    4.3
                       N         50.3641851       50.3641852       0.00367       0.00031     0.00024   86.4     0.00024   91.1
                       E         30.4967390       30.4967389      -0.00120       0.00024     0.00030    3.0     0.00031

 GRAZ 11001M002        X      4194423.46174    4194423.46323       0.00149       0.00038
                       Y      1162703.07239    1162703.07352       0.00113       0.00018
                       Z      4647245.63399    4647245.63458       0.00059       0.00043

                       U          538.28746        538.28907       0.00161       0.00056     0.00056    0.9
                       N         47.0671329       47.0671329      -0.00087       0.00018     0.00014   86.9     0.00014   87.0
                       E         15.4934863       15.4934863       0.00069       0.00014     0.00018    0.4     0.00018

 IGEO 15101M001        X      3814974.92300    3814974.86904      -0.05396       0.00060
                       Y      2101075.45680    2101075.47839       0.02159       0.00034
                       Z      4644144.15390    4644144.15943       0.00553       0.00073

                       U          105.87754        105.85647      -0.02107       0.00095     0.00095    2.7
                       N         47.0303692       47.0303695       0.03072       0.00026     0.00020   84.9     0.00021   82.8
                       E         28.8435218       28.8435224       0.04478       0.00021     0.00026   -1.6     0.00026

 IGMI 12701M003        X      4523250.96780    4523250.93534      -0.03246       0.00069
                       Y       896760.37640     896760.41650       0.04010       0.00027
                       Z      4391796.57860    4391796.60550       0.02690       0.00065

                       U           95.06816         95.06943       0.00127       0.00093     0.00093    3.0
                       N         43.7956518       43.7956521       0.03606       0.00024     0.00021   92.9     0.00021   88.5
                       E         11.2138043       11.2138048       0.04550       0.00021     0.00024    1.7     0.00024

 JOZE 12204M001        X      3664939.78113    3664939.77333      -0.00780       0.00040
                       Y      1409154.18744    1409154.18671      -0.00073       0.00020
                       Z      5009571.55792    5009571.55571      -0.00221       0.00051

                       U          141.42426        141.41788      -0.00638       0.00063     0.00063    1.4
                       N         52.0972776       52.0972776       0.00459       0.00020     0.00015   88.0     0.00015   88.1
                       E         21.0315452       21.0315453       0.00211       0.00015     0.00020    0.2     0.00020

 KNJA 12113M001        X      4284174.29200    4284174.24346      -0.04854       0.00078
                       Y      1753166.87080    1753166.90375       0.03295       0.00039
                       Z      4373522.12690    4373522.13984       0.01294       0.00083

                       U          291.04793        291.03334      -0.01459       0.00113     0.00113    1.3
                       N         43.5665422       43.5665425       0.03175       0.00032     0.00026   85.1     0.00026   84.8
                       E         22.2553258       22.2553264       0.04872       0.00026     0.00032    0.5     0.00032

 LROC 10023M001        X      4424632.31564    4424632.31343      -0.00221       0.00070
                       Y       -94174.83655     -94174.83860      -0.00205       0.00024
                       Z      4577544.31470    4577544.31007      -0.00463       0.00073

                       U           57.84770         57.84286      -0.00484       0.00097     0.00097    2.0
                       N         46.1589454       46.1589454      -0.00165       0.00028     0.00023   92.8     0.00024   92.9
                       E         -1.2193117       -1.2193118      -0.00209       0.00024     0.00028   -0.0     0.00028

 MATE 12734M008        X      4641949.16691    4641949.16418      -0.00273       0.00061
                       Y      1393045.82718    1393045.82749       0.00031       0.00026
                       Z      4133287.76961    4133287.77337       0.00376       0.00060

                       U          535.65377        535.65431       0.00054       0.00084     0.00084    2.2
                       N         40.6491353       40.6491353       0.00450       0.00023     0.00019   75.2     0.00019   76.1
                       E         16.7044653       16.7044653       0.00108       0.00019     0.00023    0.7     0.00023

 MLVL 10092M001        X      4201576.71780    4201576.68452      -0.03328       0.00045
                       Y       189860.43190     189860.47092       0.03902       0.00017
                       Z      4779064.98720    4779065.00566       0.01846       0.00051

                       U          160.47170        160.46488      -0.00682       0.00065     0.00065    3.1
                       N         48.8410605       48.8410608       0.03583       0.00020     0.00016   91.7     0.00017   91.4
                       E          2.5873159        2.5873165       0.04032       0.00017     0.00020    0.1     0.00020

 MOP2 11507M002        X      4053742.33440    4053742.30336      -0.03104       0.00045
                       Y      1260569.99280    1260570.03090       0.03810       0.00021
                       Z      4744940.35580    4744940.38321       0.02741       0.00059

                       U          581.11735        581.12566       0.00831       0.00073     0.00073    3.8
                       N         48.3726988       48.3726991       0.03188       0.00020     0.00016   90.4     0.00016   92.0
                       E         17.2738396       17.2738402       0.04543       0.00016     0.00019    0.7     0.00020

 NPAZ 12110M001        X      4365990.59020    4365990.55123      -0.03897       0.00073
                       Y      1634053.63570    1634053.67326       0.03756       0.00037
                       Z      4339210.89710    4339210.91638       0.01928       0.00079

                       U          549.51359        549.50975      -0.00384       0.00108     0.00108    2.5
                       N         43.1396483       43.1396486       0.03004       0.00029     0.00023   83.7     0.00023   85.7
                       E         20.5193019       20.5193025       0.04869       0.00023     0.00028    1.4     0.00029

 ONSA 10402M004        X      3370658.23947    3370658.24337       0.00390       0.00051
                       Y       711877.44597     711877.44661       0.00064       0.00023
                       Z      5349787.16241    5349787.16775       0.00534       0.00074

                       U           45.62982         45.63645       0.00662       0.00086     0.00086    0.9
                       N         57.3953017       57.3953017      -0.00045       0.00029     0.00021   89.1     0.00021   89.2
                       E         11.9255234       11.9255234      -0.00018       0.00021     0.00029   -0.4     0.00029

 PENC 11206M006        X      4052449.10320    4052449.11645       0.01325       0.00071
                       Y      1417681.49366    1417681.49234      -0.00132       0.00039
                       Z      4701407.31227    4701407.32651       0.01424       0.00086

                       U          291.73024        291.74889       0.01865       0.00111     0.00112    3.6
                       N         47.7896059       47.7896059       0.00063       0.00029     0.00024   80.2     0.00025   80.5
                       E         19.2815350       19.2815350      -0.00560       0.00025     0.00029   -0.1     0.00029

 POTS 14106M003        X      3800689.30295    3800689.30238      -0.00057       0.00035
                       Y       882077.72435     882077.72425      -0.00010       0.00016
                       Z      5028791.52204    5028791.51919      -0.00285       0.00044

                       U          144.42920        144.42659      -0.00261       0.00054     0.00054    1.0
                       N         52.3793002       52.3793002      -0.00128       0.00018     0.00014   89.1     0.00014   89.2
                       E         13.0660973       13.0660973       0.00003       0.00014     0.00018   -0.3     0.00018

 RIGA 12302M002        X      3183898.81780    3183898.81964       0.00184       0.00046
                       Y      1421478.79494    1421478.79449      -0.00045       0.00023
                       Z      5322810.96899    5322810.96580      -0.00319       0.00075

                       U           34.74186         34.74000      -0.00186       0.00085     0.00085    3.8
                       N         56.9486222       56.9486222      -0.00299       0.00026     0.00019   99.6     0.00019   96.8
                       E         24.0587808       24.0587808      -0.00116       0.00019     0.00026   -2.6     0.00026

 SCIL 19201M001        X      4090375.86970    4090375.85035      -0.01935       0.00051
                       Y      -451277.54230    -451277.50637       0.03593       0.00020
                       Z      4856740.21000    4856740.22806       0.01806       0.00059

                       U           85.34258         85.34147      -0.00111       0.00075     0.00075    3.5
                       N         49.9145591       49.9145593       0.02933       0.00022     0.00020   93.8     0.00020   94.9
                       E         -6.2957908       -6.2957903       0.03346       0.00020     0.00022   -0.3     0.00022

 SID0 12132M001        X      4256180.82130    4256180.11343      -0.70787       0.00068
                       Y      1484331.96710    1484332.58213       0.61503       0.00034
                       Z      4497564.74670    4497565.16491       0.41821       0.00074

                       U          164.40606        164.37376      -0.03229       0.00100     0.00100    2.2
                       N         45.1286690       45.1286746       0.62520       0.00027     0.00022   84.7     0.00022   85.0
                       E         19.2260845       19.2260948       0.81109       0.00022     0.00027   -0.2     0.00027

 SUBO 12116M001        X      4172027.26500    4172026.55239      -0.71261       0.00072
                       Y      1491099.44230    1491100.04444       0.60214       0.00037
                       Z      4573052.04870    4573052.45208       0.40338       0.00079

                       U          180.32207        180.28794      -0.03413       0.00106     0.00106    1.7
                       N         46.0994845       46.0994901       0.61705       0.00031     0.00025   85.1     0.00025   84.7
                       E         19.6670953       19.6671058       0.80405       0.00025     0.00031    0.5     0.00031

 TLSE 10003M009        X      4627851.57842    4627851.57592      -0.00250       0.00075
                       Y       119640.42351     119640.42426       0.00075       0.00024
                       Z      4372993.79615    4372993.79286      -0.00329       0.00077

                       U          207.18117        207.17711      -0.00406       0.00104     0.00104    2.1
                       N         43.5606978       43.5606978      -0.00068       0.00028     0.00024   94.3     0.00024   94.8
                       E          1.4808955        1.4808956       0.00081       0.00024     0.00028    0.3     0.00028

 VIS0 10423M001        X      3246469.92385    3246469.92587       0.00202       0.00043
                       Y      1077900.82337    1077900.82785       0.00448       0.00021
                       Z      5365278.30822    5365278.31240       0.00418       0.00064

                       U           79.88337         79.88868       0.00531       0.00074     0.00074    0.5
                       N         57.6538726       57.6538726      -0.00058       0.00025     0.00017   92.3     0.00017   92.3
                       E         18.3673238       18.3673239       0.00360       0.00018     0.00025    0.2     0.00025

 WTZR 14201M010        X      4075580.21279    4075580.21520       0.00241       0.00039
                       Y       931854.16005     931854.15931      -0.00074       0.00017
                       Z      4801568.34137    4801568.34407       0.00270       0.00047

                       U          666.01929        666.02277       0.00347       0.00059     0.00059    1.8
                       N         49.1442014       49.1442014       0.00012       0.00018     0.00014   89.2     0.00014   89.8
                       E         12.8789156       12.8789156      -0.00125       0.00014     0.00018    1.0     0.00018

 ZADA 11905M001        X      4425736.52430    4425736.48474      -0.03956       0.00051
                       Y      1204735.10340    1204735.14157       0.03817       0.00023
                       Z      4417173.92240    4417173.94880       0.02640       0.00053

                       U           64.29568         64.29385      -0.00183       0.00072     0.00072    1.0
                       N         44.1131789       44.1131792       0.03856       0.00022     0.00018   87.7     0.00018   87.9
                       E         15.2275940       15.2275946       0.04707       0.00018     0.00022    0.4     0.00022

 ZIM2 14001M008        X      4331299.58717    4331299.58340      -0.00377       0.00045
                       Y       567537.70292     567537.70344       0.00052       0.00017
                       Z      4633133.96188    4633133.95821      -0.00367       0.00049

                       U          956.44791        956.44273      -0.00519       0.00064     0.00064    1.4
                       N         46.8770968       46.8770968       0.00016       0.00019     0.00016   94.5     0.00016   95.0
                       E          7.4650361        7.4650361       0.00100       0.00016     0.00019   -0.8     0.00019



 Troposphere parameters:
 -----------------------

 Reference elevation angle of gradient terms :   45.0 degrees
 Minimum elevation angle                     :      3 degrees
 Mapping factor at minimum elevation angle   :   19.1

                         Corrections (m)             RMS errors (m)             Zenith vector (")         Error ellipse (m)   
 Station name        North    East    Zenith     North    East    Zenith     Angle   RMS   Ratio  Azi   Max RMS  Min RMS  Azi 
 ----------------------------------------------------------------------------------------------------------------------------
 ACOR 13434M001    -0.00186 -0.00065  0.07212   0.00011  0.00009  0.00162                               0.00012  0.00008   29 
 ACOR 13434M001    -0.00176 -0.00062  0.07083   0.00010  0.00008  0.00125                               0.00011  0.00007   29 
 ACOR 13434M001    -0.00167 -0.00060  0.07564   0.00009  0.00008  0.00110                               0.00010  0.00007   30 
 ACOR 13434M001    -0.00158 -0.00058  0.06730   0.00009  0.00007  0.00105                               0.00009  0.00006   30 
 ACOR 13434M001    -0.00149 -0.00056  0.07131   0.00008  0.00007  0.00108                               0.00009  0.00006   30 
 ACOR 13434M001    -0.00140 -0.00054  0.07410   0.00008  0.00006  0.00091                               0.00008  0.00006   30 
 ACOR 13434M001    -0.00131 -0.00051  0.07387   0.00007  0.00006  0.00095                               0.00008  0.00005   30 
 ACOR 13434M001    -0.00121 -0.00049  0.07578   0.00007  0.00006  0.00094                               0.00007  0.00005   28 
 ACOR 13434M001    -0.00112 -0.00047  0.07530   0.00006  0.00005  0.00097                               0.00007  0.00005   27 
 ACOR 13434M001    -0.00103 -0.00045  0.07549   0.00006  0.00005  0.00094                               0.00007  0.00005   24 
 ACOR 13434M001    -0.00094 -0.00043  0.08931   0.00006  0.00005  0.00097                               0.00007  0.00005   21 
 ACOR 13434M001    -0.00085 -0.00041  0.08521   0.00006  0.00005  0.00095                               0.00007  0.00005   18 
 ACOR 13434M001    -0.00075 -0.00038  0.09373   0.00007  0.00005  0.00112                               0.00007  0.00005   16 
 ACOR 13434M001    -0.00066 -0.00036  0.09239   0.00007  0.00005  0.00091                               0.00007  0.00005   14 
 ACOR 13434M001    -0.00057 -0.00034  0.09617   0.00007  0.00005  0.00110                               0.00008  0.00005   13 
 ACOR 13434M001    -0.00048 -0.00032  0.09152   0.00008  0.00005  0.00154                               0.00008  0.00005   12 
 ACOR 13434M001    -0.00039 -0.00030  0.09382   0.00009  0.00006  0.00127                               0.00009  0.00005   11 
 ACOR 13434M001    -0.00029 -0.00028  0.09705   0.00009  0.00006  0.00126                               0.00009  0.00006   11 
 ACOR 13434M001    -0.00020 -0.00025  0.10080   0.00010  0.00006  0.00146                               0.00010  0.00006   11 
 ACOR 13434M001    -0.00011 -0.00023  0.10285   0.00011  0.00007  0.00161                               0.00011  0.00007   11 
 ACOR 13434M001    -0.00002 -0.00021  0.10601   0.00011  0.00007  0.00160                               0.00011  0.00007   12 
 ACOR 13434M001     0.00007 -0.00019  0.10752   0.00012  0.00008  0.00155                               0.00012  0.00007   12 
 ACOR 13434M001     0.00017 -0.00017  0.11369   0.00013  0.00008  0.00160                               0.00013  0.00008   12 
 ACOR 13434M001     0.00026 -0.00014  0.10106   0.00014  0.00009  0.00167                               0.00014  0.00008   12 
 ACOR 13434M001     0.00035 -0.00012  0.09426   0.00015  0.00009  0.00234                               0.00015  0.00009   13 
 ADAR 19161M001     0.00015  0.00025  0.05449   0.00005  0.00006  0.00101                               0.00006  0.00005  -59 
 ADAR 19161M001     0.00010  0.00020  0.05454   0.00005  0.00006  0.00073                               0.00006  0.00004  -59 
 ADAR 19161M001     0.00006  0.00015  0.05487   0.00005  0.00005  0.00067                               0.00006  0.00004  -58 
 ADAR 19161M001     0.00001  0.00011  0.05206   0.00004  0.00005  0.00071                               0.00005  0.00004  -58 
 ADAR 19161M001    -0.00004  0.00006  0.05267   0.00004  0.00005  0.00070                               0.00005  0.00004  -57 
 ADAR 19161M001    -0.00008  0.00001  0.05390   0.00004  0.00004  0.00060                               0.00005  0.00003  -57 
 ADAR 19161M001    -0.00013 -0.00004  0.05695   0.00004  0.00004  0.00072                               0.00004  0.00003  -56 
 ADAR 19161M001    -0.00018 -0.00009  0.05303   0.00003  0.00004  0.00067                               0.00004  0.00003  -55 
 ADAR 19161M001    -0.00022 -0.00014  0.05445   0.00003  0.00004  0.00065                               0.00004  0.00003  -54 
 ADAR 19161M001    -0.00027 -0.00018  0.05560   0.00003  0.00003  0.00062                               0.00004  0.00003  -52 
 ADAR 19161M001    -0.00031 -0.00023  0.05341   0.00003  0.00003  0.00068                               0.00004  0.00003  -51 
 ADAR 19161M001    -0.00036 -0.00028  0.05589   0.00003  0.00003  0.00062                               0.00003  0.00003  -50 
 ADAR 19161M001    -0.00041 -0.00033  0.06279   0.00003  0.00003  0.00071                               0.00004  0.00003  -49 
 ADAR 19161M001    -0.00045 -0.00038  0.06084   0.00003  0.00003  0.00071                               0.00004  0.00003  -48 
 ADAR 19161M001    -0.00050 -0.00042  0.05849   0.00003  0.00003  0.00072                               0.00004  0.00003  -48 
 ADAR 19161M001    -0.00055 -0.00047  0.05906   0.00004  0.00004  0.00105                               0.00004  0.00003  -48 
 ADAR 19161M001    -0.00059 -0.00052  0.06289   0.00004  0.00004  0.00110                               0.00004  0.00004  -49 
 ADAR 19161M001    -0.00064 -0.00057  0.05700   0.00004  0.00004  0.00109                               0.00004  0.00004  -50 
 ADAR 19161M001    -0.00069 -0.00062  0.05698   0.00004  0.00004  0.00114                               0.00005  0.00004  -51 
 ADAR 19161M001    -0.00073 -0.00067  0.05700   0.00005  0.00005  0.00128                               0.00005  0.00004  -52 
 ADAR 19161M001    -0.00078 -0.00071  0.04153   0.00005  0.00005  0.00123                               0.00005  0.00005  -53 
 ADAR 19161M001    -0.00083 -0.00076  0.04749   0.00005  0.00005  0.00113                               0.00006  0.00005  -54 
 ADAR 19161M001    -0.00087 -0.00081  0.05537   0.00006  0.00006  0.00128                               0.00006  0.00005  -55 
 ADAR 19161M001    -0.00092 -0.00086  0.06679   0.00006  0.00006  0.00127                               0.00006  0.00006  -55 
 ADAR 19161M001    -0.00097 -0.00091  0.07717   0.00006  0.00007  0.00159                               0.00007  0.00006  -56 
 ARIS 19190M001     0.00079 -0.00124  0.05824   0.00009  0.00008  0.00125                               0.00009  0.00007  -31 
 ARIS 19190M001     0.00067 -0.00118  0.06024   0.00008  0.00007  0.00091                               0.00009  0.00006  -31 
 ARIS 19190M001     0.00055 -0.00111  0.06068   0.00008  0.00007  0.00088                               0.00008  0.00006  -31 
 ARIS 19190M001     0.00044 -0.00105  0.05527   0.00007  0.00006  0.00094                               0.00008  0.00006  -31 
 ARIS 19190M001     0.00032 -0.00098  0.04963   0.00007  0.00006  0.00089                               0.00007  0.00005  -31 
 ARIS 19190M001     0.00020 -0.00092  0.04959   0.00006  0.00005  0.00077                               0.00007  0.00005  -30 
 ARIS 19190M001     0.00009 -0.00085  0.04943   0.00006  0.00005  0.00088                               0.00006  0.00005  -29 
 ARIS 19190M001    -0.00003 -0.00079  0.04656   0.00006  0.00005  0.00083                               0.00006  0.00004  -27 
 ARIS 19190M001    -0.00015 -0.00072  0.05390   0.00006  0.00005  0.00084                               0.00006  0.00004  -25 
 ARIS 19190M001    -0.00026 -0.00066  0.05873   0.00006  0.00004  0.00077                               0.00006  0.00004  -22 
 ARIS 19190M001    -0.00038 -0.00059  0.05950   0.00006  0.00004  0.00094                               0.00006  0.00004  -20 
 ARIS 19190M001    -0.00050 -0.00053  0.06890   0.00006  0.00004  0.00083                               0.00006  0.00004  -17 
 ARIS 19190M001    -0.00061 -0.00046  0.07859   0.00006  0.00004  0.00090                               0.00006  0.00004  -15 
 ARIS 19190M001    -0.00073 -0.00040  0.08523   0.00006  0.00004  0.00091                               0.00006  0.00004  -13 
 ARIS 19190M001    -0.00085 -0.00033  0.08274   0.00006  0.00004  0.00086                               0.00006  0.00004  -12 
 ARIS 19190M001    -0.00096 -0.00027  0.07097   0.00007  0.00005  0.00125                               0.00007  0.00004  -11 
 ARIS 19190M001    -0.00108 -0.00021  0.06747   0.00007  0.00005  0.00137                               0.00007  0.00005  -11 
 ARIS 19190M001    -0.00120 -0.00014  0.06945   0.00008  0.00005  0.00120                               0.00008  0.00005  -10 
 ARIS 19190M001    -0.00132 -0.00008  0.06052   0.00008  0.00005  0.00132                               0.00008  0.00005  -10 
 ARIS 19190M001    -0.00143 -0.00001  0.04641   0.00009  0.00006  0.00168                               0.00009  0.00006  -10 
 ARIS 19190M001    -0.00155  0.00005  0.04755   0.00009  0.00006  0.00133                               0.00009  0.00006  -10 
 ARIS 19190M001    -0.00167  0.00012  0.05461   0.00010  0.00007  0.00137                               0.00010  0.00007  -10 
 ARIS 19190M001    -0.00178  0.00018  0.06346   0.00010  0.00007  0.00158                               0.00011  0.00007  -11 
 ARIS 19190M001    -0.00190  0.00025  0.06569   0.00011  0.00008  0.00142                               0.00011  0.00007  -11 
 ARIS 19190M001    -0.00202  0.00031  0.06800   0.00012  0.00008  0.00214                               0.00012  0.00008  -11 
 BOR1 12205M002    -0.00060 -0.00046  0.01487   0.00004  0.00004  0.00090                               0.00004  0.00004  -19 
 BOR1 12205M002    -0.00060 -0.00045  0.01511   0.00004  0.00004  0.00069                               0.00004  0.00004  -18 
 BOR1 12205M002    -0.00060 -0.00045  0.01263   0.00004  0.00004  0.00061                               0.00004  0.00004  -17 
 BOR1 12205M002    -0.00060 -0.00044  0.01277   0.00004  0.00004  0.00061                               0.00004  0.00004  -15 
 BOR1 12205M002    -0.00060 -0.00044  0.01336   0.00003  0.00003  0.00060                               0.00003  0.00003  -14 
 BOR1 12205M002    -0.00060 -0.00044  0.01584   0.00003  0.00003  0.00057                               0.00003  0.00003  -12 
 BOR1 12205M002    -0.00060 -0.00043  0.01791   0.00003  0.00003  0.00062                               0.00003  0.00003  -11 
 BOR1 12205M002    -0.00060 -0.00043  0.01536   0.00003  0.00003  0.00062                               0.00003  0.00003   -9 
 BOR1 12205M002    -0.00060 -0.00043  0.01645   0.00003  0.00003  0.00061                               0.00003  0.00003   -7 
 BOR1 12205M002    -0.00060 -0.00042  0.01850   0.00003  0.00002  0.00064                               0.00003  0.00002   -6 
 BOR1 12205M002    -0.00060 -0.00042  0.01934   0.00003  0.00002  0.00067                               0.00003  0.00002   -5 
 BOR1 12205M002    -0.00060 -0.00042  0.01972   0.00002  0.00002  0.00056                               0.00002  0.00002   -4 
 BOR1 12205M002    -0.00060 -0.00041  0.02035   0.00002  0.00002  0.00060                               0.00002  0.00002   -3 
 BOR1 12205M002    -0.00060 -0.00041  0.02176   0.00003  0.00002  0.00061                               0.00003  0.00002   -3 
 BOR1 12205M002    -0.00060 -0.00040  0.01979   0.00003  0.00002  0.00063                               0.00003  0.00002   -4 
 BOR1 12205M002    -0.00060 -0.00040  0.02322   0.00003  0.00003  0.00065                               0.00003  0.00003   -4 
 BOR1 12205M002    -0.00060 -0.00040  0.02184   0.00003  0.00003  0.00065                               0.00003  0.00003   -5 
 BOR1 12205M002    -0.00060 -0.00039  0.02409   0.00003  0.00003  0.00062                               0.00003  0.00003   -6 
 BOR1 12205M002    -0.00060 -0.00039  0.02373   0.00003  0.00003  0.00066                               0.00003  0.00003   -7 
 BOR1 12205M002    -0.00060 -0.00039  0.02252   0.00003  0.00003  0.00063                               0.00003  0.00003   -8 
 BOR1 12205M002    -0.00060 -0.00038  0.02315   0.00004  0.00003  0.00063                               0.00004  0.00003   -9 
 BOR1 12205M002    -0.00060 -0.00038  0.02404   0.00004  0.00004  0.00073                               0.00004  0.00004  -10 
 BOR1 12205M002    -0.00060 -0.00038  0.02422   0.00004  0.00004  0.00075                               0.00004  0.00004  -11 
 BOR1 12205M002    -0.00060 -0.00037  0.02680   0.00004  0.00004  0.00067                               0.00004  0.00004  -12 
 BOR1 12205M002    -0.00060 -0.00037  0.02854   0.00004  0.00004  0.00099                               0.00005  0.00004  -13 
 BRST 10004M004    -0.00068 -0.00041  0.04379   0.00005  0.00006  0.00103                               0.00006  0.00005   87 
 BRST 10004M004    -0.00067 -0.00044  0.04111   0.00004  0.00005  0.00072                               0.00005  0.00004   86 
 BRST 10004M004    -0.00065 -0.00048  0.04058   0.00004  0.00005  0.00067                               0.00005  0.00004   86 
 BRST 10004M004    -0.00064 -0.00051  0.04317   0.00004  0.00005  0.00069                               0.00005  0.00004   86 
 BRST 10004M004    -0.00062 -0.00054  0.05714   0.00004  0.00004  0.00071                               0.00004  0.00004   85 
 BRST 10004M004    -0.00061 -0.00057  0.06247   0.00003  0.00004  0.00055                               0.00004  0.00003   85 
 BRST 10004M004    -0.00059 -0.00060  0.06560   0.00003  0.00004  0.00068                               0.00004  0.00003   86 
 BRST 10004M004    -0.00058 -0.00063  0.06403   0.00003  0.00004  0.00064                               0.00004  0.00003   87 
 BRST 10004M004    -0.00056 -0.00066  0.06814   0.00003  0.00003  0.00058                               0.00003  0.00003   88 
 BRST 10004M004    -0.00055 -0.00070  0.06565   0.00003  0.00003  0.00060                               0.00003  0.00003  -89 
 BRST 10004M004    -0.00053 -0.00073  0.07145   0.00003  0.00003  0.00065                               0.00003  0.00003  -85 
 BRST 10004M004    -0.00052 -0.00076  0.06456   0.00003  0.00003  0.00061                               0.00003  0.00003  -79 
 BRST 10004M004    -0.00050 -0.00079  0.07018   0.00003  0.00003  0.00070                               0.00003  0.00003  -72 
 BRST 10004M004    -0.00049 -0.00082  0.06782   0.00003  0.00003  0.00063                               0.00003  0.00003  -65 
 BRST 10004M004    -0.00047 -0.00085  0.07830   0.00003  0.00003  0.00070                               0.00004  0.00003  -60 
 BRST 10004M004    -0.00046 -0.00088  0.08024   0.00004  0.00004  0.00109                               0.00004  0.00003  -56 
 BRST 10004M004    -0.00044 -0.00092  0.06856   0.00004  0.00004  0.00108                               0.00004  0.00004  -53 
 BRST 10004M004    -0.00043 -0.00095  0.06036   0.00004  0.00004  0.00108                               0.00004  0.00004  -52 
 BRST 10004M004    -0.00041 -0.00098  0.05954   0.00004  0.00004  0.00113                               0.00005  0.00004  -51 
 BRST 10004M004    -0.00040 -0.00101  0.05722   0.00005  0.00005  0.00122                               0.00005  0.00004  -51 
 BRST 10004M004    -0.00039 -0.00104  0.05384   0.00005  0.00005  0.00120                               0.00005  0.00005  -50 
 BRST 10004M004    -0.00037 -0.00107  0.06828   0.00005  0.00005  0.00115                               0.00006  0.00005  -51 
 BRST 10004M004    -0.00036 -0.00110  0.07819   0.00006  0.00006  0.00128                               0.00006  0.00005  -51 
 BRST 10004M004    -0.00034 -0.00114  0.08548   0.00006  0.00006  0.00131                               0.00007  0.00006  -51 
 BRST 10004M004    -0.00033 -0.00117  0.09782   0.00006  0.00007  0.00168                               0.00007  0.00006  -52 
 BUDD 10101S001    -0.00070 -0.00032  0.03521   0.00005  0.00004  0.00085                               0.00005  0.00004  -30 
 BUDD 10101S001    -0.00068 -0.00031  0.02378   0.00005  0.00004  0.00069                               0.00005  0.00004  -30 
 BUDD 10101S001    -0.00066 -0.00031  0.01798   0.00004  0.00004  0.00062                               0.00004  0.00004  -30 
 BUDD 10101S001    -0.00063 -0.00030  0.01930   0.00004  0.00004  0.00067                               0.00004  0.00004  -30 
 BUDD 10101S001    -0.00061 -0.00030  0.01748   0.00004  0.00003  0.00067                               0.00004  0.00003  -30 
 BUDD 10101S001    -0.00059 -0.00029  0.02081   0.00004  0.00003  0.00060                               0.00004  0.00003  -30 
 BUDD 10101S001    -0.00057 -0.00029  0.02242   0.00003  0.00003  0.00063                               0.00003  0.00003  -31 
 BUDD 10101S001    -0.00055 -0.00029  0.02121   0.00003  0.00003  0.00065                               0.00003  0.00003  -31 
 BUDD 10101S001    -0.00053 -0.00028  0.02255   0.00003  0.00003  0.00062                               0.00003  0.00003  -31 
 BUDD 10101S001    -0.00051 -0.00028  0.02221   0.00003  0.00003  0.00063                               0.00003  0.00002  -32 
 BUDD 10101S001    -0.00049 -0.00027  0.02388   0.00003  0.00003  0.00067                               0.00003  0.00002  -33 
 BUDD 10101S001    -0.00046 -0.00027  0.02252   0.00003  0.00003  0.00057                               0.00003  0.00002  -34 
 BUDD 10101S001    -0.00044 -0.00026  0.02366   0.00003  0.00002  0.00064                               0.00003  0.00002  -34 
 BUDD 10101S001    -0.00042 -0.00026  0.02375   0.00003  0.00003  0.00062                               0.00003  0.00002  -35 
 BUDD 10101S001    -0.00040 -0.00026  0.02149   0.00003  0.00003  0.00064                               0.00003  0.00002  -36 
 BUDD 10101S001    -0.00038 -0.00025  0.02602   0.00003  0.00003  0.00067                               0.00003  0.00002  -36 
 BUDD 10101S001    -0.00036 -0.00025  0.02467   0.00003  0.00003  0.00064                               0.00003  0.00003  -37 
 BUDD 10101S001    -0.00034 -0.00024  0.02831   0.00003  0.00003  0.00059                               0.00003  0.00003  -37 
 BUDD 10101S001    -0.00031 -0.00024  0.02708   0.00003  0.00003  0.00068                               0.00004  0.00003  -37 
 BUDD 10101S001    -0.00029 -0.00023  0.02908   0.00003  0.00003  0.00067                               0.00004  0.00003  -38 
 BUDD 10101S001    -0.00027 -0.00023  0.03110   0.00004  0.00004  0.00068                               0.00004  0.00003  -38 
 BUDD 10101S001    -0.00025 -0.00023  0.03454   0.00004  0.00004  0.00074                               0.00004  0.00003  -38 
 BUDD 10101S001    -0.00023 -0.00022  0.03535   0.00004  0.00004  0.00072                               0.00004  0.00004  -38 
 BUDD 10101S001    -0.00021 -0.00022  0.03891   0.00004  0.00004  0.00068                               0.00005  0.00004  -38 
 BUDD 10101S001    -0.00019 -0.00021  0.04231   0.00005  0.00004  0.00094                               0.00005  0.00004  -37 
 CLIB 11526M001    -0.00063 -0.00026  0.01003   0.00004  0.00004  0.00081                               0.00004  0.00004   82 
 CLIB 11526M001    -0.00064 -0.00026  0.00999   0.00004  0.00004  0.00066                               0.00004  0.00004   81 
 CLIB 11526M001    -0.00064 -0.00027  0.00867   0.00003  0.00004  0.00060                               0.00004  0.00003   79 
 CLIB 11526M001    -0.00064 -0.00027  0.00484   0.00003  0.00003  0.00058                               0.00003  0.00003   78 
 CLIB 11526M001    -0.00064 -0.00027  0.00257   0.00003  0.00003  0.00059                               0.00003  0.00003   76 
 CLIB 11526M001    -0.00065 -0.00028  0.00623   0.00003  0.00003  0.00053                               0.00003  0.00003   74 
 CLIB 11526M001    -0.00065 -0.00028  0.00874   0.00003  0.00003  0.00058                               0.00003  0.00003   72 
 CLIB 11526M001    -0.00065 -0.00028  0.00450   0.00002  0.00003  0.00060                               0.00003  0.00002   70 
 CLIB 11526M001    -0.00065 -0.00029  0.00893   0.00002  0.00002  0.00057                               0.00002  0.00002   67 
 CLIB 11526M001    -0.00066 -0.00029  0.01265   0.00002  0.00002  0.00063                               0.00002  0.00002   64 
 CLIB 11526M001    -0.00066 -0.00029  0.01420   0.00002  0.00002  0.00063                               0.00002  0.00002   61 
 CLIB 11526M001    -0.00066 -0.00030  0.01691   0.00002  0.00002  0.00053                               0.00002  0.00002   58 
 CLIB 11526M001    -0.00067 -0.00030  0.01123   0.00002  0.00002  0.00057                               0.00002  0.00002   55 
 CLIB 11526M001    -0.00067 -0.00030  0.01032   0.00002  0.00002  0.00057                               0.00002  0.00002   52 
 CLIB 11526M001    -0.00067 -0.00031  0.01001   0.00002  0.00002  0.00060                               0.00002  0.00002   49 
 CLIB 11526M001    -0.00067 -0.00031  0.01202   0.00002  0.00002  0.00065                               0.00002  0.00002   47 
 CLIB 11526M001    -0.00068 -0.00031  0.00943   0.00002  0.00002  0.00060                               0.00003  0.00002   45 
 CLIB 11526M001    -0.00068 -0.00032  0.00840   0.00003  0.00003  0.00061                               0.00003  0.00003   44 
 CLIB 11526M001    -0.00068 -0.00032  0.00919   0.00003  0.00003  0.00064                               0.00003  0.00003   43 
 CLIB 11526M001    -0.00068 -0.00033  0.00886   0.00003  0.00003  0.00061                               0.00003  0.00003   43 
 CLIB 11526M001    -0.00069 -0.00033  0.00956   0.00003  0.00003  0.00062                               0.00003  0.00003   43 
 CLIB 11526M001    -0.00069 -0.00033  0.01358   0.00003  0.00003  0.00069                               0.00003  0.00003   44 
 CLIB 11526M001    -0.00069 -0.00034  0.00834   0.00004  0.00004  0.00072                               0.00004  0.00004   46 
 CLIB 11526M001    -0.00069 -0.00034  0.00959   0.00004  0.00004  0.00067                               0.00004  0.00004   49 
 CLIB 11526M001    -0.00070 -0.00034  0.01170   0.00004  0.00004  0.00092                               0.00004  0.00004   53 
 CTAB 11529M001    -0.00080 -0.00044  0.01685   0.00004  0.00004  0.00083                               0.00004  0.00004   28 
 CTAB 11529M001    -0.00081 -0.00043  0.01619   0.00004  0.00004  0.00067                               0.00004  0.00004   30 
 CTAB 11529M001    -0.00083 -0.00042  0.01452   0.00004  0.00003  0.00061                               0.00004  0.00003   31 
 CTAB 11529M001    -0.00084 -0.00041  0.01237   0.00003  0.00003  0.00058                               0.00003  0.00003   32 
 CTAB 11529M001    -0.00086 -0.00040  0.01533   0.00003  0.00003  0.00058                               0.00003  0.00003   32 
 CTAB 11529M001    -0.00087 -0.00039  0.01800   0.00003  0.00003  0.00054                               0.00003  0.00003   31 
 CTAB 11529M001    -0.00089 -0.00039  0.02407   0.00003  0.00003  0.00061                               0.00003  0.00003   30 
 CTAB 11529M001    -0.00091 -0.00038  0.02331   0.00003  0.00003  0.00061                               0.00003  0.00003   28 
 CTAB 11529M001    -0.00092 -0.00037  0.02900   0.00003  0.00002  0.00057                               0.00003  0.00002   26 
 CTAB 11529M001    -0.00094 -0.00036  0.03390   0.00002  0.00002  0.00063                               0.00002  0.00002   24 
 CTAB 11529M001    -0.00095 -0.00035  0.03571   0.00002  0.00002  0.00065                               0.00002  0.00002   21 
 CTAB 11529M001    -0.00097 -0.00034  0.03726   0.00002  0.00002  0.00053                               0.00002  0.00002   18 
 CTAB 11529M001    -0.00098 -0.00033  0.03931   0.00002  0.00002  0.00056                               0.00002  0.00002   15 
 CTAB 11529M001    -0.00100 -0.00033  0.04029   0.00002  0.00002  0.00057                               0.00002  0.00002   12 
 CTAB 11529M001    -0.00101 -0.00032  0.03809   0.00003  0.00002  0.00061                               0.00003  0.00002    9 
 CTAB 11529M001    -0.00103 -0.00031  0.03827   0.00003  0.00002  0.00065                               0.00003  0.00002    6 
 CTAB 11529M001    -0.00104 -0.00030  0.03386   0.00003  0.00002  0.00063                               0.00003  0.00002    4 
 CTAB 11529M001    -0.00106 -0.00029  0.03331   0.00003  0.00003  0.00062                               0.00003  0.00003    2 
 CTAB 11529M001    -0.00107 -0.00028  0.03408   0.00003  0.00003  0.00064                               0.00003  0.00003    0 
 CTAB 11529M001    -0.00109 -0.00028  0.03457   0.00003  0.00003  0.00062                               0.00003  0.00003   -2 
 CTAB 11529M001    -0.00110 -0.00027  0.03392   0.00004  0.00003  0.00064                               0.00004  0.00003   -3 
 CTAB 11529M001    -0.00112 -0.00026  0.03514   0.00004  0.00003  0.00071                               0.00004  0.00003   -5 
 CTAB 11529M001    -0.00113 -0.00025  0.03647   0.00004  0.00004  0.00073                               0.00004  0.00004   -6 
 CTAB 11529M001    -0.00115 -0.00024  0.03874   0.00004  0.00004  0.00067                               0.00004  0.00004   -7 
 CTAB 11529M001    -0.00116 -0.00023  0.04019   0.00004  0.00004  0.00092                               0.00004  0.00004   -8 
 DEVA 11408M001    -0.00064 -0.00049  0.03728   0.00007  0.00006  0.00116                               0.00007  0.00006  -33 
 DEVA 11408M001    -0.00062 -0.00048  0.03774   0.00006  0.00006  0.00095                               0.00007  0.00006  -33 
 DEVA 11408M001    -0.00061 -0.00046  0.03581   0.00006  0.00006  0.00086                               0.00006  0.00005  -33 
 DEVA 11408M001    -0.00059 -0.00045  0.03841   0.00006  0.00005  0.00099                               0.00006  0.00005  -33 
 DEVA 11408M001    -0.00057 -0.00044  0.03843   0.00005  0.00005  0.00098                               0.00006  0.00005  -33 
 DEVA 11408M001    -0.00056 -0.00042  0.04940   0.00005  0.00005  0.00076                               0.00005  0.00005  -33 
 DEVA 11408M001    -0.00054 -0.00041  0.06144   0.00005  0.00004  0.00078                               0.00005  0.00004  -32 
 DEVA 11408M001    -0.00052 -0.00040  0.05958   0.00005  0.00004  0.00084                               0.00005  0.00004  -31 
 DEVA 11408M001    -0.00050 -0.00038  0.05769   0.00004  0.00004  0.00075                               0.00004  0.00004  -30 
 DEVA 11408M001    -0.00049 -0.00037  0.06414   0.00004  0.00004  0.00095                               0.00004  0.00004  -29 
 DEVA 11408M001    -0.00047 -0.00036  0.06651   0.00004  0.00004  0.00091                               0.00004  0.00004  -27 
 DEVA 11408M001    -0.00045 -0.00035  0.06843   0.00004  0.00004  0.00080                               0.00004  0.00004  -25 
 DEVA 11408M001    -0.00044 -0.00033  0.07125   0.00004  0.00004  0.00084                               0.00004  0.00004  -24 
 DEVA 11408M001    -0.00042 -0.00032  0.06484   0.00004  0.00004  0.00080                               0.00004  0.00004  -22 
 DEVA 11408M001    -0.00040 -0.00031  0.05540   0.00004  0.00004  0.00083                               0.00004  0.00004  -21 
 DEVA 11408M001    -0.00039 -0.00029  0.05596   0.00004  0.00004  0.00091                               0.00004  0.00004  -21 
 DEVA 11408M001    -0.00037 -0.00028  0.05664   0.00005  0.00004  0.00090                               0.00005  0.00004  -21 
 DEVA 11408M001    -0.00035 -0.00027  0.06041   0.00005  0.00004  0.00106                               0.00005  0.00004  -21 
 DEVA 11408M001    -0.00034 -0.00025  0.06573   0.00005  0.00004  0.00102                               0.00005  0.00004  -21 
 DEVA 11408M001    -0.00032 -0.00024  0.06604   0.00005  0.00005  0.00088                               0.00006  0.00005  -22 
 DEVA 11408M001    -0.00030 -0.00023  0.06859   0.00006  0.00005  0.00116                               0.00006  0.00005  -22 
 DEVA 11408M001    -0.00028 -0.00021  0.07306   0.00006  0.00005  0.00150                               0.00006  0.00005  -22 
 DEVA 11408M001    -0.00027 -0.00020  0.07460   0.00007  0.00006  0.00117                               0.00007  0.00005  -23 
 DEVA 11408M001    -0.00025 -0.00019  0.07794   0.00007  0.00006  0.00084                               0.00007  0.00006  -23 
 DEVA 11408M001    -0.00023 -0.00017  0.07677   0.00007  0.00006  0.00127                               0.00008  0.00006  -23 
 DLF1 13502M009    -0.00021  0.00008  0.05405   0.00005  0.00005  0.00097                               0.00005  0.00005  -16 
 DLF1 13502M009    -0.00019  0.00007  0.05882   0.00005  0.00004  0.00064                               0.00005  0.00004  -13 
 DLF1 13502M009    -0.00017  0.00006  0.05968   0.00005  0.00004  0.00068                               0.00005  0.00004  -11 
 DLF1 13502M009    -0.00015  0.00006  0.05960   0.00004  0.00004  0.00066                               0.00004  0.00004   -9 
 DLF1 13502M009    -0.00013  0.00005  0.05928   0.00004  0.00004  0.00068                               0.00004  0.00004   -8 
 DLF1 13502M009    -0.00011  0.00004  0.05881   0.00004  0.00003  0.00058                               0.00004  0.00003   -7 
 DLF1 13502M009    -0.00009  0.00004  0.06195   0.00004  0.00003  0.00072                               0.00004  0.00003   -7 
 DLF1 13502M009    -0.00008  0.00003  0.06121   0.00004  0.00003  0.00063                               0.00004  0.00003   -7 
 DLF1 13502M009    -0.00006  0.00002  0.06099   0.00003  0.00003  0.00060                               0.00003  0.00003   -7 
 DLF1 13502M009    -0.00004  0.00002  0.06203   0.00003  0.00003  0.00064                               0.00003  0.00003   -9 
 DLF1 13502M009    -0.00002  0.00001  0.06227   0.00003  0.00003  0.00066                               0.00003  0.00003  -11 
 DLF1 13502M009    -0.00000  0.00000  0.06030   0.00003  0.00003  0.00060                               0.00003  0.00003  -15 
 DLF1 13502M009     0.00002 -0.00001  0.06224   0.00003  0.00003  0.00066                               0.00003  0.00003  -19 
 DLF1 13502M009     0.00004 -0.00001  0.06025   0.00003  0.00003  0.00062                               0.00003  0.00003  -25 
 DLF1 13502M009     0.00006 -0.00002  0.05797   0.00003  0.00003  0.00067                               0.00003  0.00003  -31 
 DLF1 13502M009     0.00007 -0.00003  0.06232   0.00003  0.00003  0.00081                               0.00004  0.00003  -37 
 DLF1 13502M009     0.00009 -0.00003  0.06143   0.00003  0.00003  0.00073                               0.00004  0.00003  -42 
 DLF1 13502M009     0.00011 -0.00004  0.06674   0.00004  0.00004  0.00066                               0.00004  0.00003  -46 
 DLF1 13502M009     0.00013 -0.00005  0.07074   0.00004  0.00004  0.00082                               0.00004  0.00003  -49 
 DLF1 13502M009     0.00015 -0.00005  0.07389   0.00004  0.00004  0.00076                               0.00004  0.00004  -52 
 DLF1 13502M009     0.00017 -0.00006  0.07283   0.00004  0.00004  0.00069                               0.00005  0.00004  -54 
 DLF1 13502M009     0.00019 -0.00007  0.07291   0.00004  0.00005  0.00075                               0.00005  0.00004  -55 
 DLF1 13502M009     0.00021 -0.00008  0.07114   0.00005  0.00005  0.00077                               0.00005  0.00004  -56 
 DLF1 13502M009     0.00023 -0.00008  0.08162   0.00005  0.00005  0.00072                               0.00006  0.00005  -57 
 DLF1 13502M009     0.00024 -0.00009  0.08525   0.00005  0.00006  0.00102                               0.00006  0.00005  -57 
 GJML 12121M001    -0.00023 -0.00047  0.05081   0.00008  0.00007  0.00129                               0.00009  0.00007  -17 
 GJML 12121M001    -0.00024 -0.00044  0.05011   0.00008  0.00007  0.00100                               0.00008  0.00007  -17 
 GJML 12121M001    -0.00025 -0.00040  0.05137   0.00008  0.00006  0.00091                               0.00008  0.00006  -16 
 GJML 12121M001    -0.00025 -0.00037  0.05417   0.00007  0.00006  0.00101                               0.00007  0.00006  -15 
 GJML 12121M001    -0.00026 -0.00034  0.05712   0.00007  0.00006  0.00104                               0.00007  0.00006  -14 
 GJML 12121M001    -0.00027 -0.00031  0.05294   0.00006  0.00005  0.00085                               0.00007  0.00005  -13 
 GJML 12121M001    -0.00028 -0.00028  0.05068   0.00006  0.00005  0.00097                               0.00006  0.00005  -11 
 GJML 12121M001    -0.00029 -0.00025  0.05214   0.00006  0.00005  0.00095                               0.00006  0.00005  -10 
 GJML 12121M001    -0.00029 -0.00022  0.05409   0.00006  0.00005  0.00084                               0.00006  0.00005   -8 
 GJML 12121M001    -0.00030 -0.00019  0.05942   0.00005  0.00004  0.00097                               0.00005  0.00004   -6 
 GJML 12121M001    -0.00031 -0.00016  0.06246   0.00005  0.00004  0.00098                               0.00005  0.00004   -4 
 GJML 12121M001    -0.00032 -0.00013  0.06152   0.00005  0.00004  0.00084                               0.00005  0.00004   -2 
 GJML 12121M001    -0.00033 -0.00010  0.06341   0.00005  0.00004  0.00091                               0.00005  0.00004   -1 
 GJML 12121M001    -0.00033 -0.00006  0.06633   0.00005  0.00004  0.00087                               0.00005  0.00004    0 
 GJML 12121M001    -0.00034 -0.00003  0.06240   0.00005  0.00004  0.00087                               0.00005  0.00004    0 
 GJML 12121M001    -0.00035 -0.00000  0.06609   0.00005  0.00004  0.00098                               0.00005  0.00004    0 
 GJML 12121M001    -0.00036  0.00003  0.05938   0.00006  0.00005  0.00096                               0.00006  0.00005   -1 
 GJML 12121M001    -0.00037  0.00006  0.06509   0.00006  0.00005  0.00107                               0.00006  0.00005   -2 
 GJML 12121M001    -0.00037  0.00009  0.06664   0.00006  0.00005  0.00110                               0.00006  0.00005   -3 
 GJML 12121M001    -0.00038  0.00012  0.05908   0.00006  0.00005  0.00086                               0.00006  0.00005   -4 
 GJML 12121M001    -0.00039  0.00015  0.05978   0.00007  0.00006  0.00121                               0.00007  0.00006   -5 
 GJML 12121M001    -0.00040  0.00018  0.06566   0.00007  0.00006  0.00167                               0.00007  0.00006   -6 
 GJML 12121M001    -0.00041  0.00021  0.06015   0.00008  0.00006  0.00132                               0.00008  0.00006   -7 
 GJML 12121M001    -0.00041  0.00024  0.06063   0.00008  0.00007  0.00094                               0.00008  0.00007   -8 
 GJML 12121M001    -0.00042  0.00028  0.06703   0.00009  0.00007  0.00136                               0.00009  0.00007   -9 
 GLSV 12356M001     0.00019  0.00084  0.03603   0.00008  0.00009  0.00325                               0.00009  0.00007   59 
 GLSV 12356M001     0.00010  0.00079  0.03241   0.00007  0.00008  0.00094                               0.00009  0.00007   59 
 GLSV 12356M001     0.00001  0.00074  0.03041   0.00007  0.00008  0.00089                               0.00008  0.00006   59 
 GLSV 12356M001    -0.00008  0.00069  0.02820   0.00006  0.00007  0.00096                               0.00007  0.00006   59 
 GLSV 12356M001    -0.00016  0.00065  0.02425   0.00006  0.00007  0.00092                               0.00007  0.00006   59 
 GLSV 12356M001    -0.00025  0.00060  0.00799   0.00006  0.00006  0.00231                               0.00007  0.00005   58 
 GLSV 12356M001    -0.00034  0.00055  0.02290   0.00005  0.00006  0.00097                               0.00006  0.00005   58 
 GLSV 12356M001    -0.00043  0.00050  0.02235   0.00005  0.00006  0.00090                               0.00006  0.00005   57 
 GLSV 12356M001    -0.00052  0.00045  0.02184   0.00005  0.00006  0.00101                               0.00006  0.00005   57 
 GLSV 12356M001    -0.00061  0.00040  0.02065   0.00005  0.00005  0.00094                               0.00006  0.00005   56 
 GLSV 12356M001    -0.00069  0.00036  0.01686   0.00005  0.00005  0.00205                               0.00006  0.00005   55 
 GLSV 12356M001    -0.00078  0.00031  0.02414   0.00005  0.00006  0.00109                               0.00006  0.00005   55 
 GLSV 12356M001    -0.00087  0.00026  0.02252   0.00005  0.00006  0.00094                               0.00006  0.00005   54 
 GLSV 12356M001    -0.00096  0.00021  0.02401   0.00006  0.00006  0.00111                               0.00006  0.00005   54 
 GLSV 12356M001    -0.00105  0.00016  0.02293   0.00006  0.00006  0.00139                               0.00007  0.00005   53 
 GLSV 12356M001    -0.00114  0.00011  0.02064   0.00006  0.00007  0.00097                               0.00007  0.00006   53 
 GLSV 12356M001    -0.00122  0.00006  0.02167   0.00007  0.00007  0.00131                               0.00007  0.00006   53 
 GLSV 12356M001    -0.00131  0.00002  0.02912   0.00007  0.00007  0.00277                               0.00008  0.00007   53 
 GLSV 12356M001    -0.00140 -0.00003  0.02448   0.00008  0.00008  0.00126                               0.00008  0.00007   53 
 GLSV 12356M001    -0.00149 -0.00008  0.03032   0.00008  0.00008  0.00098                               0.00009  0.00007   53 
 GLSV 12356M001    -0.00158 -0.00013  0.03363   0.00009  0.00009  0.00151                               0.00010  0.00008   53 
 GRAZ 11001M002    -0.00052  0.00000  0.04994   0.00004  0.00004  0.00088                               0.00004  0.00004  -45 
 GRAZ 11001M002    -0.00051  0.00003  0.04700   0.00004  0.00004  0.00065                               0.00004  0.00004  -45 
 GRAZ 11001M002    -0.00050  0.00006  0.05139   0.00004  0.00004  0.00057                               0.00004  0.00003  -46 
 GRAZ 11001M002    -0.00048  0.00009  0.05118   0.00003  0.00003  0.00056                               0.00003  0.00003  -46 
 GRAZ 11001M002    -0.00047  0.00012  0.04914   0.00003  0.00003  0.00062                               0.00003  0.00003  -46 
 GRAZ 11001M002    -0.00046  0.00015  0.05036   0.00003  0.00003  0.00053                               0.00003  0.00003  -46 
 GRAZ 11001M002    -0.00045  0.00018  0.05134   0.00003  0.00003  0.00064                               0.00003  0.00003  -46 
 GRAZ 11001M002    -0.00043  0.00021  0.05195   0.00003  0.00003  0.00058                               0.00003  0.00003  -45 
 GRAZ 11001M002    -0.00042  0.00023  0.05662   0.00002  0.00002  0.00055                               0.00003  0.00002  -44 
 GRAZ 11001M002    -0.00041  0.00026  0.05895   0.00002  0.00002  0.00062                               0.00002  0.00002  -43 
 GRAZ 11001M002    -0.00040  0.00029  0.05455   0.00002  0.00002  0.00062                               0.00002  0.00002  -41 
 GRAZ 11001M002    -0.00038  0.00032  0.05625   0.00002  0.00002  0.00052                               0.00002  0.00002  -39 
 GRAZ 11001M002    -0.00037  0.00035  0.06276   0.00002  0.00002  0.00061                               0.00002  0.00002  -38 
 GRAZ 11001M002    -0.00036  0.00038  0.06097   0.00002  0.00002  0.00059                               0.00002  0.00002  -37 
 GRAZ 11001M002    -0.00035  0.00041  0.05675   0.00002  0.00002  0.00059                               0.00002  0.00002  -36 
 GRAZ 11001M002    -0.00033  0.00044  0.06538   0.00002  0.00002  0.00061                               0.00003  0.00002  -36 
 GRAZ 11001M002    -0.00032  0.00046  0.06559   0.00003  0.00003  0.00061                               0.00003  0.00002  -35 
 GRAZ 11001M002    -0.00031  0.00049  0.06775   0.00003  0.00003  0.00064                               0.00003  0.00003  -35 
 GRAZ 11001M002    -0.00029  0.00052  0.06768   0.00003  0.00003  0.00063                               0.00003  0.00003  -35 
 GRAZ 11001M002    -0.00028  0.00055  0.06714   0.00003  0.00003  0.00059                               0.00003  0.00003  -35 
 GRAZ 11001M002    -0.00027  0.00058  0.06489   0.00003  0.00003  0.00063                               0.00003  0.00003  -35 
 GRAZ 11001M002    -0.00026  0.00061  0.06457   0.00004  0.00003  0.00066                               0.00004  0.00003  -36 
 GRAZ 11001M002    -0.00024  0.00064  0.06153   0.00004  0.00004  0.00068                               0.00004  0.00003  -36 
 GRAZ 11001M002    -0.00023  0.00067  0.06514   0.00004  0.00004  0.00064                               0.00004  0.00004  -36 
 GRAZ 11001M002    -0.00022  0.00070  0.06696   0.00004  0.00004  0.00089                               0.00004  0.00004  -36 
 IGEO 15101M001    -0.00045 -0.00019  0.02589   0.00008  0.00008  0.00127                               0.00008  0.00007  -46 
 IGEO 15101M001    -0.00046 -0.00020  0.02243   0.00007  0.00007  0.00103                               0.00008  0.00007  -46 
 IGEO 15101M001    -0.00048 -0.00020  0.02052   0.00007  0.00007  0.00095                               0.00007  0.00007  -45 
 IGEO 15101M001    -0.00049 -0.00021  0.02603   0.00007  0.00007  0.00114                               0.00007  0.00006  -45 
 IGEO 15101M001    -0.00051 -0.00021  0.02974   0.00006  0.00006  0.00103                               0.00007  0.00006  -44 
 IGEO 15101M001    -0.00053 -0.00022  0.03459   0.00006  0.00006  0.00083                               0.00006  0.00005  -43 
 IGEO 15101M001    -0.00054 -0.00023  0.04375   0.00006  0.00005  0.00080                               0.00006  0.00005  -43 
 IGEO 15101M001    -0.00056 -0.00023  0.04378   0.00005  0.00005  0.00085                               0.00006  0.00005  -42 
 IGEO 15101M001    -0.00057 -0.00024  0.04408   0.00005  0.00005  0.00081                               0.00005  0.00005  -41 
 IGEO 15101M001    -0.00059 -0.00024  0.05039   0.00005  0.00005  0.00096                               0.00005  0.00004  -40 
 IGEO 15101M001    -0.00060 -0.00025  0.04860   0.00005  0.00004  0.00085                               0.00005  0.00004  -39 
 IGEO 15101M001    -0.00062 -0.00025  0.04627   0.00004  0.00004  0.00086                               0.00005  0.00004  -38 
 IGEO 15101M001    -0.00064 -0.00026  0.04683   0.00004  0.00004  0.00088                               0.00005  0.00004  -37 
 IGEO 15101M001    -0.00065 -0.00027  0.04417   0.00004  0.00004  0.00084                               0.00005  0.00004  -36 
 IGEO 15101M001    -0.00067 -0.00027  0.03929   0.00005  0.00004  0.00093                               0.00005  0.00004  -36 
 IGEO 15101M001    -0.00068 -0.00028  0.04001   0.00005  0.00004  0.00097                               0.00005  0.00004  -36 
 IGEO 15101M001    -0.00070 -0.00028  0.04848   0.00005  0.00005  0.00092                               0.00005  0.00004  -36 
 IGEO 15101M001    -0.00071 -0.00029  0.06127   0.00005  0.00005  0.00104                               0.00005  0.00004  -36 
 IGEO 15101M001    -0.00073 -0.00029  0.07340   0.00005  0.00005  0.00105                               0.00006  0.00005  -36 
 IGEO 15101M001    -0.00074 -0.00030  0.07276   0.00006  0.00005  0.00087                               0.00006  0.00005  -36 
 IGEO 15101M001    -0.00076 -0.00030  0.07679   0.00006  0.00006  0.00116                               0.00006  0.00005  -36 
 IGEO 15101M001    -0.00078 -0.00031  0.08352   0.00006  0.00006  0.00171                               0.00007  0.00006  -37 
 IGEO 15101M001    -0.00079 -0.00032  0.07791   0.00007  0.00006  0.00122                               0.00007  0.00006  -37 
 IGEO 15101M001    -0.00081 -0.00032  0.07664   0.00007  0.00007  0.00090                               0.00008  0.00006  -37 
 IGEO 15101M001    -0.00082 -0.00033  0.07658   0.00008  0.00007  0.00140                               0.00008  0.00007  -37 
 IGMI 12701M003    -0.00018  0.00062  0.07311   0.00008  0.00007  0.00142                               0.00008  0.00007  -23 
 IGMI 12701M003    -0.00020  0.00061  0.07084   0.00008  0.00007  0.00096                               0.00008  0.00007  -24 
 IGMI 12701M003    -0.00021  0.00060  0.08375   0.00007  0.00007  0.00092                               0.00007  0.00006  -25 
 IGMI 12701M003    -0.00023  0.00059  0.07930   0.00007  0.00006  0.00093                               0.00007  0.00006  -26 
 IGMI 12701M003    -0.00025  0.00058  0.08260   0.00006  0.00006  0.00122                               0.00006  0.00006  -27 
 IGMI 12701M003    -0.00027  0.00056  0.07850   0.00006  0.00006  0.00082                               0.00006  0.00005  -28 
 IGMI 12701M003    -0.00029  0.00055  0.08666   0.00006  0.00005  0.00100                               0.00006  0.00005  -30 
 IGMI 12701M003    -0.00030  0.00054  0.08156   0.00005  0.00005  0.00080                               0.00006  0.00005  -32 
 IGMI 12701M003    -0.00032  0.00053  0.08860   0.00005  0.00005  0.00075                               0.00005  0.00005  -33 
 IGMI 12701M003    -0.00034  0.00052  0.09114   0.00005  0.00005  0.00084                               0.00005  0.00005  -35 
 IGMI 12701M003    -0.00036  0.00051  0.08172   0.00005  0.00005  0.00090                               0.00005  0.00004  -37 
 IGMI 12701M003    -0.00038  0.00050  0.06581   0.00005  0.00004  0.00076                               0.00005  0.00004  -39 
 IGMI 12701M003    -0.00039  0.00049  0.05440   0.00004  0.00004  0.00097                               0.00005  0.00004  -41 
 IGMI 12701M003    -0.00041  0.00048  0.04850   0.00004  0.00004  0.00094                               0.00005  0.00004  -42 
 IGMI 12701M003    -0.00043  0.00046  0.04168   0.00005  0.00004  0.00086                               0.00005  0.00004  -43 
 IGMI 12701M003    -0.00045  0.00045  0.03951   0.00005  0.00005  0.00096                               0.00005  0.00004  -43 
 IGMI 12701M003    -0.00046  0.00044  0.03791   0.00005  0.00005  0.00092                               0.00005  0.00005  -43 
 IGMI 12701M003    -0.00048  0.00043  0.04071   0.00005  0.00005  0.00088                               0.00005  0.00005  -43 
 IGMI 12701M003    -0.00050  0.00042  0.04528   0.00005  0.00005  0.00108                               0.00005  0.00005  -42 
 IGMI 12701M003    -0.00052  0.00041  0.04551   0.00006  0.00005  0.00088                               0.00006  0.00005  -41 
 IGMI 12701M003    -0.00054  0.00040  0.05143   0.00006  0.00006  0.00088                               0.00006  0.00006  -39 
 IGMI 12701M003    -0.00055  0.00039  0.05474   0.00006  0.00006  0.00095                               0.00006  0.00006  -37 
 IGMI 12701M003    -0.00057  0.00038  0.05172   0.00007  0.00006  0.00090                               0.00007  0.00006  -35 
 IGMI 12701M003    -0.00059  0.00036  0.05186   0.00007  0.00007  0.00085                               0.00007  0.00007  -33 
 IGMI 12701M003    -0.00061  0.00035  0.05015   0.00007  0.00007  0.00136                               0.00007  0.00007  -32 
 JOZE 12204M001    -0.00091 -0.00023  0.03170   0.00005  0.00006  0.00094                               0.00006  0.00005  -79 
 JOZE 12204M001    -0.00090 -0.00024  0.02733   0.00005  0.00005  0.00076                               0.00005  0.00005  -78 
 JOZE 12204M001    -0.00088 -0.00025  0.02967   0.00005  0.00005  0.00065                               0.00005  0.00005  -77 
 JOZE 12204M001    -0.00087 -0.00026  0.02392   0.00004  0.00005  0.00067                               0.00005  0.00004  -77 
 JOZE 12204M001    -0.00086 -0.00027  0.02247   0.00004  0.00004  0.00066                               0.00004  0.00004  -76 
 JOZE 12204M001    -0.00085 -0.00029  0.02009   0.00004  0.00004  0.00065                               0.00004  0.00004  -74 
 JOZE 12204M001    -0.00083 -0.00030  0.02432   0.00004  0.00004  0.00070                               0.00004  0.00004  -73 
 JOZE 12204M001    -0.00082 -0.00031  0.02163   0.00004  0.00004  0.00070                               0.00004  0.00004  -71 
 JOZE 12204M001    -0.00081 -0.00032  0.02050   0.00003  0.00004  0.00070                               0.00004  0.00003  -70 
 JOZE 12204M001    -0.00079 -0.00033  0.02317   0.00003  0.00003  0.00071                               0.00003  0.00003  -68 
 JOZE 12204M001    -0.00078 -0.00035  0.02122   0.00003  0.00003  0.00070                               0.00003  0.00003  -67 
 JOZE 12204M001    -0.00077 -0.00036  0.02149   0.00003  0.00003  0.00063                               0.00003  0.00003  -65 
 JOZE 12204M001    -0.00075 -0.00037  0.02145   0.00003  0.00003  0.00070                               0.00003  0.00003  -64 
 JOZE 12204M001    -0.00074 -0.00038  0.02128   0.00003  0.00003  0.00072                               0.00003  0.00003  -64 
 JOZE 12204M001    -0.00073 -0.00040  0.02375   0.00003  0.00003  0.00071                               0.00003  0.00003  -64 
 JOZE 12204M001    -0.00071 -0.00041  0.02944   0.00003  0.00004  0.00076                               0.00004  0.00003  -64 
 JOZE 12204M001    -0.00070 -0.00042  0.02717   0.00004  0.00004  0.00075                               0.00004  0.00004  -65 
 JOZE 12204M001    -0.00069 -0.00043  0.02976   0.00004  0.00004  0.00070                               0.00004  0.00004  -66 
 JOZE 12204M001    -0.00068 -0.00044  0.02709   0.00004  0.00004  0.00073                               0.00004  0.00004  -67 
 JOZE 12204M001    -0.00066 -0.00046  0.02829   0.00004  0.00004  0.00067                               0.00004  0.00004  -68 
 JOZE 12204M001    -0.00065 -0.00047  0.02957   0.00004  0.00005  0.00071                               0.00005  0.00004  -69 
 JOZE 12204M001    -0.00064 -0.00048  0.03208   0.00005  0.00005  0.00085                               0.00005  0.00005  -70 
 JOZE 12204M001    -0.00062 -0.00049  0.03087   0.00005  0.00005  0.00083                               0.00005  0.00005  -71 
 JOZE 12204M001    -0.00061 -0.00051  0.03239   0.00005  0.00006  0.00076                               0.00006  0.00005  -72 
 JOZE 12204M001    -0.00060 -0.00052  0.03770   0.00006  0.00006  0.00108                               0.00006  0.00006  -72 
 KNJA 12113M001    -0.00046 -0.00027  0.05573   0.00010  0.00008  0.00146                               0.00010  0.00008  -11 
 KNJA 12113M001    -0.00044 -0.00026  0.05442   0.00010  0.00008  0.00119                               0.00010  0.00008  -11 
 KNJA 12113M001    -0.00042 -0.00025  0.05741   0.00009  0.00007  0.00104                               0.00009  0.00007  -11 
 KNJA 12113M001    -0.00039 -0.00024  0.05588   0.00009  0.00007  0.00111                               0.00009  0.00007  -10 
 KNJA 12113M001    -0.00037 -0.00022  0.05792   0.00008  0.00006  0.00118                               0.00008  0.00006  -10 
 KNJA 12113M001    -0.00035 -0.00021  0.06246   0.00008  0.00006  0.00098                               0.00008  0.00006   -9 
 KNJA 12113M001    -0.00033 -0.00020  0.06492   0.00007  0.00006  0.00108                               0.00007  0.00006   -9 
 KNJA 12113M001    -0.00031 -0.00018  0.06386   0.00007  0.00005  0.00101                               0.00007  0.00005   -8 
 KNJA 12113M001    -0.00029 -0.00017  0.05981   0.00007  0.00005  0.00097                               0.00007  0.00005   -8 
 KNJA 12113M001    -0.00027 -0.00016  0.06418   0.00006  0.00005  0.00113                               0.00006  0.00005   -8 
 KNJA 12113M001    -0.00025 -0.00015  0.06251   0.00006  0.00005  0.00112                               0.00006  0.00005   -8 
 KNJA 12113M001    -0.00023 -0.00013  0.06611   0.00006  0.00005  0.00097                               0.00006  0.00005   -9 
 KNJA 12113M001    -0.00021 -0.00012  0.07051   0.00006  0.00005  0.00106                               0.00006  0.00005  -10 
 KNJA 12113M001    -0.00019 -0.00011  0.06948   0.00006  0.00005  0.00107                               0.00006  0.00005  -11 
 KNJA 12113M001    -0.00017 -0.00009  0.06829   0.00006  0.00005  0.00098                               0.00006  0.00005  -12 
 KNJA 12113M001    -0.00014 -0.00008  0.07605   0.00006  0.00005  0.00121                               0.00006  0.00005  -13 
 KNJA 12113M001    -0.00012 -0.00007  0.07033   0.00006  0.00005  0.00106                               0.00007  0.00005  -15 
 KNJA 12113M001    -0.00010 -0.00006  0.08009   0.00007  0.00006  0.00124                               0.00007  0.00005  -16 
 KNJA 12113M001    -0.00008 -0.00004  0.07427   0.00007  0.00006  0.00121                               0.00007  0.00006  -17 
 KNJA 12113M001    -0.00006 -0.00003  0.06671   0.00007  0.00006  0.00099                               0.00008  0.00006  -18 
 KNJA 12113M001    -0.00004 -0.00002  0.07273   0.00008  0.00007  0.00129                               0.00008  0.00006  -19 
 KNJA 12113M001    -0.00002 -0.00001  0.07279   0.00008  0.00007  0.00171                               0.00008  0.00007  -20 
 KNJA 12113M001     0.00000  0.00001  0.07302   0.00009  0.00007  0.00148                               0.00009  0.00007  -20 
 KNJA 12113M001     0.00002  0.00002  0.07047   0.00009  0.00008  0.00100                               0.00009  0.00007  -21 
 KNJA 12113M001     0.00004  0.00003  0.07051   0.00010  0.00008  0.00155                               0.00010  0.00008  -21 
 LROC 10023M001    -0.00059 -0.00021  0.06175   0.00008  0.00008  0.00131                               0.00008  0.00008    9 
 LROC 10023M001    -0.00057 -0.00020  0.06426   0.00008  0.00007  0.00085                               0.00008  0.00007    9 
 LROC 10023M001    -0.00055 -0.00020  0.05848   0.00007  0.00007  0.00083                               0.00007  0.00007    9 
 LROC 10023M001    -0.00052 -0.00019  0.05284   0.00006  0.00006  0.00079                               0.00006  0.00006    9 
 LROC 10023M001    -0.00050 -0.00019  0.05017   0.00006  0.00005  0.00083                               0.00006  0.00005    9 
 LROC 10023M001    -0.00048 -0.00018  0.04912   0.00005  0.00005  0.00068                               0.00005  0.00005    9 
 LROC 10023M001    -0.00045 -0.00018  0.05465   0.00005  0.00005  0.00084                               0.00005  0.00005    8 
 LROC 10023M001    -0.00043 -0.00017  0.05892   0.00004  0.00004  0.00075                               0.00004  0.00004    8 
 LROC 10023M001    -0.00041 -0.00017  0.06795   0.00004  0.00004  0.00065                               0.00004  0.00004    8 
 LROC 10023M001    -0.00038 -0.00017  0.07240   0.00005  0.00004  0.00069                               0.00005  0.00004    8 
 LROC 10023M001    -0.00036 -0.00016  0.07875   0.00005  0.00005  0.00082                               0.00005  0.00005    9 
 LROC 10023M001    -0.00034 -0.00016  0.07608   0.00005  0.00005  0.00070                               0.00005  0.00005    9 
 LROC 10023M001    -0.00031 -0.00015  0.08511   0.00006  0.00005  0.00075                               0.00006  0.00005    9 
 LROC 10023M001    -0.00029 -0.00015  0.07770   0.00007  0.00006  0.00074                               0.00007  0.00006    9 
 LROC 10023M001    -0.00026 -0.00014  0.08256   0.00007  0.00007  0.00115                               0.00007  0.00007    9 
 MATE 12734M008     0.00010 -0.00061  0.05283   0.00009  0.00006  0.00121                               0.00009  0.00006  -20 
 MATE 12734M008     0.00004 -0.00054  0.05757   0.00008  0.00006  0.00091                               0.00009  0.00005  -20 
 MATE 12734M008    -0.00002 -0.00047  0.05926   0.00008  0.00006  0.00084                               0.00008  0.00005  -20 
 MATE 12734M008    -0.00008 -0.00040  0.06214   0.00007  0.00005  0.00083                               0.00008  0.00005  -20 
 MATE 12734M008    -0.00014 -0.00033  0.06194   0.00007  0.00005  0.00112                               0.00007  0.00005  -20 
 MATE 12734M008    -0.00021 -0.00026  0.06313   0.00006  0.00005  0.00078                               0.00007  0.00004  -20 
 MATE 12734M008    -0.00027 -0.00019  0.06085   0.00006  0.00004  0.00085                               0.00006  0.00004  -20 
 MATE 12734M008    -0.00033 -0.00012  0.05882   0.00006  0.00004  0.00076                               0.00006  0.00004  -21 
 MATE 12734M008    -0.00039 -0.00006  0.05932   0.00006  0.00004  0.00083                               0.00006  0.00004  -21 
 MATE 12734M008    -0.00045  0.00001  0.06133   0.00005  0.00004  0.00078                               0.00006  0.00004  -22 
 MATE 12734M008    -0.00051  0.00008  0.06550   0.00005  0.00004  0.00084                               0.00005  0.00003  -22 
 MATE 12734M008    -0.00057  0.00015  0.06188   0.00005  0.00004  0.00074                               0.00005  0.00003  -23 
 MATE 12734M008    -0.00063  0.00022  0.05844   0.00005  0.00004  0.00086                               0.00005  0.00003  -23 
 MATE 12734M008    -0.00069  0.00029  0.05642   0.00005  0.00004  0.00079                               0.00006  0.00003  -24 
 MATE 12734M008    -0.00075  0.00036  0.06051   0.00005  0.00004  0.00078                               0.00006  0.00003  -24 
 MATE 12734M008    -0.00081  0.00043  0.07135   0.00006  0.00004  0.00085                               0.00006  0.00004  -24 
 MATE 12734M008    -0.00087  0.00050  0.07766   0.00006  0.00004  0.00090                               0.00006  0.00004  -24 
 MATE 12734M008    -0.00093  0.00057  0.06701   0.00006  0.00005  0.00090                               0.00007  0.00004  -24 
 MATE 12734M008    -0.00099  0.00063  0.06128   0.00007  0.00005  0.00097                               0.00007  0.00004  -24 
 MATE 12734M008    -0.00105  0.00070  0.06391   0.00007  0.00005  0.00094                               0.00008  0.00004  -24 
 MATE 12734M008    -0.00111  0.00077  0.05496   0.00008  0.00005  0.00094                               0.00008  0.00005  -24 
 MATE 12734M008    -0.00117  0.00084  0.08178   0.00008  0.00006  0.00096                               0.00008  0.00005  -24 
 MATE 12734M008    -0.00123  0.00091  0.07351   0.00008  0.00006  0.00091                               0.00009  0.00005  -24 
 MATE 12734M008    -0.00129  0.00098  0.06443   0.00009  0.00006  0.00087                               0.00010  0.00006  -24 
 MATE 12734M008    -0.00135  0.00105  0.06275   0.00010  0.00007  0.00132                               0.00010  0.00006  -24 
 MLVL 10092M001    -0.00016  0.00039  0.04830   0.00004  0.00005  0.00085                               0.00005  0.00004   82 
 MLVL 10092M001    -0.00016  0.00035  0.04458   0.00004  0.00004  0.00062                               0.00004  0.00004   81 
 MLVL 10092M001    -0.00017  0.00030  0.04314   0.00004  0.00004  0.00064                               0.00004  0.00004   80 
 MLVL 10092M001    -0.00018  0.00026  0.03660   0.00004  0.00004  0.00062                               0.00004  0.00004   78 
 MLVL 10092M001    -0.00019  0.00021  0.03797   0.00003  0.00003  0.00065                               0.00003  0.00003   77 
 MLVL 10092M001    -0.00020  0.00017  0.04239   0.00003  0.00003  0.00053                               0.00003  0.00003   77 
 MLVL 10092M001    -0.00021  0.00013  0.04539   0.00003  0.00003  0.00066                               0.00003  0.00003   80 
 MLVL 10092M001    -0.00022  0.00008  0.04061   0.00003  0.00003  0.00059                               0.00003  0.00003  -89 
 MLVL 10092M001    -0.00022  0.00004  0.04827   0.00003  0.00003  0.00054                               0.00003  0.00003  -81 
 MLVL 10092M001    -0.00023 -0.00001  0.04914   0.00003  0.00003  0.00062                               0.00003  0.00003  -80 
 MLVL 10092M001    -0.00024 -0.00005  0.05270   0.00003  0.00003  0.00064                               0.00003  0.00003  -81 
 MLVL 10092M001    -0.00025 -0.00009  0.05424   0.00002  0.00003  0.00057                               0.00003  0.00002  -82 
 MLVL 10092M001    -0.00026 -0.00014  0.05661   0.00002  0.00003  0.00062                               0.00003  0.00002  -84 
 MLVL 10092M001    -0.00027 -0.00018  0.06086   0.00003  0.00003  0.00058                               0.00003  0.00003  -85 
 MLVL 10092M001    -0.00027 -0.00023  0.06115   0.00003  0.00003  0.00063                               0.00003  0.00003  -85 
 MLVL 10092M001    -0.00028 -0.00027  0.06300   0.00003  0.00003  0.00077                               0.00003  0.00003  -86 
 MLVL 10092M001    -0.00029 -0.00031  0.06723   0.00003  0.00004  0.00070                               0.00004  0.00003  -86 
 MLVL 10092M001    -0.00030 -0.00036  0.06458   0.00003  0.00004  0.00065                               0.00004  0.00003  -87 
 MLVL 10092M001    -0.00031 -0.00040  0.06503   0.00003  0.00004  0.00079                               0.00004  0.00003  -87 
 MLVL 10092M001    -0.00032 -0.00045  0.06559   0.00003  0.00004  0.00071                               0.00004  0.00003  -88 
 MLVL 10092M001    -0.00032 -0.00049  0.06899   0.00004  0.00005  0.00070                               0.00005  0.00004  -88 
 MLVL 10092M001    -0.00033 -0.00053  0.07876   0.00004  0.00005  0.00072                               0.00005  0.00004  -88 
 MLVL 10092M001    -0.00034 -0.00058  0.08119   0.00004  0.00005  0.00071                               0.00005  0.00004  -88 
 MLVL 10092M001    -0.00035 -0.00062  0.08969   0.00004  0.00006  0.00071                               0.00006  0.00004  -89 
 MLVL 10092M001    -0.00036 -0.00067  0.09205   0.00004  0.00006  0.00097                               0.00006  0.00004  -89 
 MOP2 11507M002    -0.00157 -0.00064  0.02774   0.00005  0.00005  0.00090                               0.00005  0.00005   30 
 MOP2 11507M002    -0.00154 -0.00060  0.02940   0.00005  0.00005  0.00074                               0.00005  0.00004   30 
 MOP2 11507M002    -0.00151 -0.00056  0.02712   0.00005  0.00004  0.00067                               0.00005  0.00004   29 
 MOP2 11507M002    -0.00148 -0.00052  0.02790   0.00004  0.00004  0.00063                               0.00004  0.00004   28 
 MOP2 11507M002    -0.00145 -0.00047  0.02494   0.00004  0.00004  0.00064                               0.00004  0.00004   27 
 MOP2 11507M002    -0.00142 -0.00043  0.03240   0.00004  0.00004  0.00062                               0.00004  0.00004   26 
 MOP2 11507M002    -0.00139 -0.00039  0.03891   0.00004  0.00003  0.00072                               0.00004  0.00003   25 
 MOP2 11507M002    -0.00136 -0.00035  0.04560   0.00004  0.00003  0.00069                               0.00004  0.00003   24 
 MOP2 11507M002    -0.00133 -0.00031  0.06326   0.00003  0.00003  0.00064                               0.00004  0.00003   23 
 MOP2 11507M002    -0.00130 -0.00026  0.06445   0.00003  0.00003  0.00070                               0.00003  0.00003   22 
 MOP2 11507M002    -0.00127 -0.00022  0.06887   0.00003  0.00003  0.00071                               0.00003  0.00003   21 
 MOP2 11507M002    -0.00124 -0.00018  0.06639   0.00003  0.00003  0.00063                               0.00003  0.00003   19 
 MOP2 11507M002    -0.00121 -0.00014  0.07071   0.00003  0.00003  0.00064                               0.00003  0.00003   18 
 MOP2 11507M002    -0.00118 -0.00010  0.06683   0.00003  0.00003  0.00066                               0.00003  0.00003   17 
 MOP2 11507M002    -0.00115 -0.00005  0.06576   0.00003  0.00003  0.00071                               0.00003  0.00003   15 
 MOP2 11507M002    -0.00112 -0.00001  0.06681   0.00004  0.00003  0.00071                               0.00004  0.00003   14 
 MOP2 11507M002    -0.00109  0.00003  0.06531   0.00004  0.00003  0.00074                               0.00004  0.00003   13 
 MOP2 11507M002    -0.00106  0.00007  0.06808   0.00004  0.00003  0.00075                               0.00004  0.00003   12 
 MOP2 11507M002    -0.00103  0.00011  0.06931   0.00004  0.00004  0.00071                               0.00004  0.00004   10 
 MOP2 11507M002    -0.00100  0.00016  0.07141   0.00004  0.00004  0.00067                               0.00004  0.00004    9 
 MOP2 11507M002    -0.00097  0.00020  0.07092   0.00005  0.00004  0.00071                               0.00005  0.00004    8 
 MOP2 11507M002    -0.00094  0.00024  0.07576   0.00005  0.00004  0.00077                               0.00005  0.00004    7 
 MOP2 11507M002    -0.00091  0.00028  0.07500   0.00005  0.00005  0.00079                               0.00005  0.00005    6 
 MOP2 11507M002    -0.00088  0.00032  0.07767   0.00005  0.00005  0.00075                               0.00005  0.00005    5 
 MOP2 11507M002    -0.00084  0.00037  0.08196   0.00006  0.00005  0.00101                               0.00006  0.00005    4 
 NPAZ 12110M001    -0.00014 -0.00042  0.05018   0.00010  0.00008  0.00137                               0.00010  0.00007  -10 
 NPAZ 12110M001    -0.00015 -0.00040  0.04828   0.00009  0.00007  0.00105                               0.00009  0.00007   -9 
 NPAZ 12110M001    -0.00016 -0.00037  0.04885   0.00009  0.00007  0.00102                               0.00009  0.00007   -9 
 NPAZ 12110M001    -0.00017 -0.00035  0.04977   0.00008  0.00006  0.00105                               0.00008  0.00006   -8 
 NPAZ 12110M001    -0.00018 -0.00033  0.04777   0.00008  0.00006  0.00106                               0.00008  0.00006   -7 
 NPAZ 12110M001    -0.00019 -0.00030  0.04511   0.00007  0.00006  0.00090                               0.00007  0.00006   -6 
 NPAZ 12110M001    -0.00020 -0.00028  0.05174   0.00007  0.00005  0.00098                               0.00007  0.00005   -5 
 NPAZ 12110M001    -0.00021 -0.00026  0.05738   0.00007  0.00005  0.00098                               0.00007  0.00005   -4 
 NPAZ 12110M001    -0.00022 -0.00023  0.05526   0.00006  0.00005  0.00089                               0.00006  0.00005   -3 
 NPAZ 12110M001    -0.00023 -0.00021  0.05890   0.00006  0.00005  0.00105                               0.00006  0.00005   -2 
 NPAZ 12110M001    -0.00024 -0.00019  0.05918   0.00006  0.00005  0.00107                               0.00006  0.00005   -1 
 NPAZ 12110M001    -0.00025 -0.00016  0.05955   0.00006  0.00005  0.00090                               0.00006  0.00005    0 
 NPAZ 12110M001    -0.00026 -0.00014  0.06271   0.00006  0.00005  0.00096                               0.00006  0.00005    0 
 NPAZ 12110M001    -0.00027 -0.00012  0.06252   0.00006  0.00005  0.00095                               0.00006  0.00005    0 
 NPAZ 12110M001    -0.00028 -0.00009  0.05769   0.00006  0.00005  0.00094                               0.00006  0.00005    0 
 NPAZ 12110M001    -0.00029 -0.00007  0.06444   0.00006  0.00005  0.00111                               0.00006  0.00005    0 
 NPAZ 12110M001    -0.00030 -0.00005  0.05902   0.00006  0.00005  0.00102                               0.00006  0.00005   -1 
 NPAZ 12110M001    -0.00031 -0.00002  0.06536   0.00007  0.00005  0.00115                               0.00007  0.00005   -2 
 NPAZ 12110M001    -0.00032 -0.00000  0.06225   0.00007  0.00006  0.00115                               0.00007  0.00006   -3 
 NPAZ 12110M001    -0.00033  0.00002  0.06227   0.00008  0.00006  0.00093                               0.00008  0.00006   -4 
 NPAZ 12110M001    -0.00034  0.00005  0.06086   0.00008  0.00006  0.00128                               0.00008  0.00006   -5 
 NPAZ 12110M001    -0.00034  0.00007  0.06365   0.00008  0.00007  0.00173                               0.00008  0.00007   -6 
 NPAZ 12110M001    -0.00035  0.00009  0.05490   0.00009  0.00007  0.00140                               0.00009  0.00007   -6 
 NPAZ 12110M001    -0.00036  0.00012  0.05994   0.00009  0.00007  0.00098                               0.00009  0.00007   -7 
 NPAZ 12110M001    -0.00037  0.00014  0.06102   0.00010  0.00008  0.00150                               0.00010  0.00008   -8 
 ONSA 10402M004    -0.00058 -0.00057  0.02780   0.00007  0.00006  0.00115                               0.00007  0.00005  -32 
 ONSA 10402M004    -0.00056 -0.00056  0.02362   0.00006  0.00006  0.00101                               0.00007  0.00005  -32 
 ONSA 10402M004    -0.00055 -0.00054  0.02818   0.00006  0.00005  0.00083                               0.00006  0.00005  -32 
 ONSA 10402M004    -0.00054 -0.00053  0.02369   0.00006  0.00005  0.00085                               0.00006  0.00005  -32 
 ONSA 10402M004    -0.00053 -0.00052  0.02322   0.00005  0.00005  0.00091                               0.00005  0.00004  -32 
 ONSA 10402M004    -0.00052 -0.00051  0.02487   0.00005  0.00004  0.00081                               0.00005  0.00004  -32 
 ONSA 10402M004    -0.00051 -0.00049  0.02784   0.00005  0.00004  0.00090                               0.00005  0.00004  -32 
 ONSA 10402M004    -0.00050 -0.00048  0.02475   0.00004  0.00004  0.00081                               0.00005  0.00004  -32 
 ONSA 10402M004    -0.00049 -0.00047  0.02730   0.00004  0.00004  0.00082                               0.00004  0.00003  -32 
 ONSA 10402M004    -0.00047 -0.00046  0.02931   0.00004  0.00004  0.00092                               0.00004  0.00003  -32 
 ONSA 10402M004    -0.00046 -0.00045  0.02877   0.00004  0.00003  0.00099                               0.00004  0.00003  -32 
 ONSA 10402M004    -0.00045 -0.00043  0.02797   0.00004  0.00003  0.00078                               0.00004  0.00003  -33 
 ONSA 10402M004    -0.00044 -0.00042  0.02982   0.00004  0.00003  0.00090                               0.00004  0.00003  -33 
 ONSA 10402M004    -0.00043 -0.00041  0.02843   0.00004  0.00003  0.00081                               0.00004  0.00003  -34 
 ONSA 10402M004    -0.00042 -0.00040  0.02993   0.00004  0.00004  0.00082                               0.00004  0.00003  -34 
 ONSA 10402M004    -0.00041 -0.00038  0.03508   0.00004  0.00004  0.00090                               0.00004  0.00003  -35 
 ONSA 10402M004    -0.00040 -0.00037  0.03208   0.00004  0.00004  0.00088                               0.00004  0.00003  -35 
 ONSA 10402M004    -0.00038 -0.00036  0.03617   0.00004  0.00004  0.00084                               0.00005  0.00004  -35 
 ONSA 10402M004    -0.00037 -0.00035  0.03847   0.00005  0.00004  0.00094                               0.00005  0.00004  -36 
 ONSA 10402M004    -0.00036 -0.00034  0.03828   0.00005  0.00005  0.00091                               0.00005  0.00004  -36 
 ONSA 10402M004    -0.00035 -0.00032  0.04069   0.00005  0.00005  0.00087                               0.00006  0.00004  -36 
 ONSA 10402M004    -0.00034 -0.00031  0.04579   0.00006  0.00005  0.00092                               0.00006  0.00005  -36 
 ONSA 10402M004    -0.00033 -0.00030  0.04314   0.00006  0.00005  0.00103                               0.00006  0.00005  -36 
 ONSA 10402M004    -0.00032 -0.00029  0.04595   0.00006  0.00006  0.00085                               0.00007  0.00005  -36 
 ONSA 10402M004    -0.00030 -0.00027  0.04756   0.00007  0.00006  0.00134                               0.00007  0.00005  -36 
 PENC 11206M006    -0.00117 -0.00086  0.01457   0.00010  0.00010  0.00148                               0.00011  0.00009  -40 
 PENC 11206M006    -0.00109 -0.00080  0.01646   0.00009  0.00009  0.00112                               0.00010  0.00008  -40 
 PENC 11206M006    -0.00102 -0.00073  0.01813   0.00009  0.00009  0.00101                               0.00010  0.00008  -41 
 PENC 11206M006    -0.00094 -0.00067  0.01632   0.00008  0.00008  0.00108                               0.00009  0.00008  -41 
 PENC 11206M006    -0.00087 -0.00061  0.02143   0.00008  0.00008  0.00115                               0.00009  0.00007  -41 
 PENC 11206M006    -0.00080 -0.00054  0.02599   0.00008  0.00007  0.00094                               0.00008  0.00007  -42 
 PENC 11206M006    -0.00072 -0.00048  0.03998   0.00007  0.00007  0.00096                               0.00008  0.00007  -42 
 PENC 11206M006    -0.00065 -0.00042  0.04620   0.00007  0.00007  0.00104                               0.00007  0.00006  -43 
 PENC 11206M006    -0.00057 -0.00036  0.05254   0.00007  0.00007  0.00093                               0.00007  0.00006  -44 
 PENC 11206M006    -0.00050 -0.00029  0.05547   0.00006  0.00006  0.00100                               0.00007  0.00006  -45 
 PENC 11206M006    -0.00043 -0.00023  0.06290   0.00006  0.00006  0.00113                               0.00007  0.00006  -45 
 PENC 11206M006    -0.00035 -0.00017  0.06228   0.00006  0.00006  0.00105                               0.00007  0.00006  -46 
 PENC 11206M006    -0.00028 -0.00010  0.06120   0.00006  0.00006  0.00100                               0.00007  0.00006  -46 
 PENC 11206M006    -0.00021 -0.00004  0.06190   0.00007  0.00007  0.00093                               0.00007  0.00006  -46 
 PENC 11206M006    -0.00013  0.00002  0.05985   0.00007  0.00007  0.00088                               0.00007  0.00006  -46 
 PENC 11206M006    -0.00006  0.00009  0.06156   0.00007  0.00007  0.00105                               0.00008  0.00006  -46 
 PENC 11206M006     0.00002  0.00015  0.06379   0.00007  0.00007  0.00114                               0.00008  0.00007  -45 
 PENC 11206M006     0.00009  0.00021  0.06764   0.00008  0.00008  0.00117                               0.00009  0.00007  -45 
 PENC 11206M006     0.00016  0.00028  0.07437   0.00008  0.00008  0.00127                               0.00009  0.00007  -45 
 PENC 11206M006     0.00024  0.00034  0.06920   0.00009  0.00009  0.00114                               0.00010  0.00008  -44 
 PENC 11206M006     0.00031  0.00040  0.07379   0.00009  0.00009  0.00281                               0.00010  0.00008  -44 
 PENC 11206M006     0.00046  0.00053  0.05289   0.00010  0.00010  0.00889                               0.00011  0.00009  -43 
 PENC 11206M006     0.00053  0.00059  0.07278   0.00011  0.00011  0.00133                               0.00012  0.00010  -43 
 PENC 11206M006     0.00061  0.00065  0.06438   0.00012  0.00011  0.00157                               0.00013  0.00010  -43 
 POTS 14106M003    -0.00053 -0.00029  0.01203   0.00004  0.00004  0.00082                               0.00004  0.00004  -76 
 POTS 14106M003    -0.00053 -0.00028  0.01370   0.00004  0.00004  0.00066                               0.00004  0.00004  -77 
 POTS 14106M003    -0.00054 -0.00028  0.01398   0.00003  0.00004  0.00061                               0.00004  0.00003  -78 
 POTS 14106M003    -0.00054 -0.00027  0.01065   0.00003  0.00003  0.00060                               0.00003  0.00003  -79 
 POTS 14106M003    -0.00054 -0.00026  0.00922   0.00003  0.00003  0.00061                               0.00003  0.00003  -81 
 POTS 14106M003    -0.00054 -0.00026  0.01030   0.00003  0.00003  0.00054                               0.00003  0.00003  -82 
 POTS 14106M003    -0.00054 -0.00025  0.01378   0.00003  0.00003  0.00057                               0.00003  0.00003  -82 
 POTS 14106M003    -0.00054 -0.00024  0.00959   0.00002  0.00003  0.00059                               0.00003  0.00002  -83 
 POTS 14106M003    -0.00054 -0.00023  0.01245   0.00002  0.00003  0.00057                               0.00003  0.00002  -83 
 POTS 14106M003    -0.00054 -0.00023  0.01342   0.00002  0.00002  0.00059                               0.00002  0.00002  -83 
 POTS 14106M003    -0.00054 -0.00022  0.01332   0.00002  0.00002  0.00064                               0.00002  0.00002  -82 
 POTS 14106M003    -0.00054 -0.00021  0.01360   0.00002  0.00002  0.00056                               0.00002  0.00002  -80 
 POTS 14106M003    -0.00054 -0.00021  0.01545   0.00002  0.00002  0.00060                               0.00002  0.00002  -78 
 POTS 14106M003    -0.00054 -0.00020  0.01488   0.00002  0.00002  0.00059                               0.00002  0.00002  -75 
 POTS 14106M003    -0.00054 -0.00019  0.01160   0.00002  0.00002  0.00060                               0.00002  0.00002  -72 
 POTS 14106M003    -0.00054 -0.00019  0.01572   0.00002  0.00003  0.00063                               0.00003  0.00002  -70 
 POTS 14106M003    -0.00054 -0.00018  0.01461   0.00002  0.00003  0.00058                               0.00003  0.00002  -67 
 POTS 14106M003    -0.00054 -0.00017  0.01543   0.00003  0.00003  0.00060                               0.00003  0.00003  -65 
 POTS 14106M003    -0.00054 -0.00017  0.01944   0.00003  0.00003  0.00062                               0.00003  0.00003  -64 
 POTS 14106M003    -0.00055 -0.00016  0.01637   0.00003  0.00003  0.00063                               0.00003  0.00003  -63 
 POTS 14106M003    -0.00055 -0.00015  0.01968   0.00003  0.00003  0.00064                               0.00003  0.00003  -62 
 POTS 14106M003    -0.00055 -0.00014  0.02314   0.00003  0.00004  0.00071                               0.00004  0.00003  -61 
 POTS 14106M003    -0.00055 -0.00014  0.02217   0.00004  0.00004  0.00072                               0.00004  0.00003  -61 
 POTS 14106M003    -0.00055 -0.00013  0.02719   0.00004  0.00004  0.00065                               0.00004  0.00004  -61 
 POTS 14106M003    -0.00055 -0.00012  0.02977   0.00004  0.00004  0.00092                               0.00004  0.00004  -60 
 RIGA 12302M002    -0.00065 -0.00017  0.03228   0.00007  0.00007  0.00112                               0.00008  0.00006   50 
 RIGA 12302M002    -0.00064 -0.00018  0.03005   0.00007  0.00007  0.00094                               0.00008  0.00006   49 
 RIGA 12302M002    -0.00063 -0.00020  0.02973   0.00006  0.00007  0.00087                               0.00007  0.00005   49 
 RIGA 12302M002    -0.00062 -0.00022  0.02816   0.00006  0.00006  0.00082                               0.00007  0.00005   49 
 RIGA 12302M002    -0.00060 -0.00024  0.02743   0.00006  0.00006  0.00083                               0.00007  0.00005   49 
 RIGA 12302M002    -0.00059 -0.00026  0.02680   0.00005  0.00006  0.00077                               0.00006  0.00004   48 
 RIGA 12302M002    -0.00058 -0.00028  0.02913   0.00005  0.00005  0.00088                               0.00006  0.00004   48 
 RIGA 12302M002    -0.00056 -0.00030  0.02239   0.00005  0.00005  0.00081                               0.00006  0.00004   48 
 RIGA 12302M002    -0.00055 -0.00031  0.02234   0.00005  0.00005  0.00085                               0.00005  0.00004   48 
 RIGA 12302M002    -0.00054 -0.00033  0.02418   0.00004  0.00005  0.00090                               0.00005  0.00004   48 
 RIGA 12302M002    -0.00053 -0.00035  0.02237   0.00004  0.00005  0.00085                               0.00005  0.00004   49 
 RIGA 12302M002    -0.00051 -0.00037  0.02412   0.00004  0.00004  0.00082                               0.00005  0.00004   49 
 RIGA 12302M002    -0.00050 -0.00039  0.02423   0.00004  0.00005  0.00085                               0.00005  0.00004   50 
 RIGA 12302M002    -0.00049 -0.00041  0.02688   0.00004  0.00005  0.00079                               0.00005  0.00004   50 
 RIGA 12302M002    -0.00048 -0.00043  0.02226   0.00004  0.00005  0.00089                               0.00005  0.00004   51 
 RIGA 12302M002    -0.00046 -0.00044  0.02978   0.00004  0.00005  0.00086                               0.00005  0.00004   52 
 RIGA 12302M002    -0.00045 -0.00046  0.02836   0.00005  0.00005  0.00083                               0.00006  0.00004   52 
 RIGA 12302M002    -0.00044 -0.00048  0.03179   0.00005  0.00005  0.00088                               0.00006  0.00004   53 
 RIGA 12302M002    -0.00043 -0.00050  0.03100   0.00005  0.00006  0.00097                               0.00006  0.00004   53 
 RIGA 12302M002    -0.00041 -0.00052  0.03019   0.00005  0.00006  0.00083                               0.00007  0.00005   54 
 RIGA 12302M002    -0.00040 -0.00054  0.03063   0.00006  0.00006  0.00092                               0.00007  0.00005   54 
 RIGA 12302M002    -0.00039 -0.00055  0.03386   0.00006  0.00007  0.00094                               0.00007  0.00005   54 
 RIGA 12302M002    -0.00038 -0.00057  0.03510   0.00006  0.00007  0.00095                               0.00008  0.00005   54 
 RIGA 12302M002    -0.00036 -0.00059  0.03582   0.00007  0.00008  0.00101                               0.00008  0.00006   54 
 RIGA 12302M002    -0.00035 -0.00061  0.04120   0.00007  0.00008  0.00132                               0.00009  0.00006   55 
 SCIL 19201M001    -0.00061 -0.00105  0.03205   0.00004  0.00006  0.00098                               0.00006  0.00004  -87 
 SCIL 19201M001    -0.00062 -0.00104  0.03183   0.00004  0.00006  0.00069                               0.00006  0.00004  -87 
 SCIL 19201M001    -0.00062 -0.00104  0.03397   0.00004  0.00005  0.00065                               0.00005  0.00004  -87 
 SCIL 19201M001    -0.00062 -0.00103  0.04386   0.00004  0.00005  0.00067                               0.00005  0.00004  -87 
 SCIL 19201M001    -0.00062 -0.00103  0.05456   0.00003  0.00004  0.00071                               0.00004  0.00003  -88 
 SCIL 19201M001    -0.00062 -0.00102  0.05561   0.00003  0.00004  0.00055                               0.00004  0.00003  -88 
 SCIL 19201M001    -0.00062 -0.00102  0.05792   0.00003  0.00004  0.00066                               0.00004  0.00003  -88 
 SCIL 19201M001    -0.00063 -0.00101  0.05548   0.00003  0.00004  0.00060                               0.00004  0.00003  -87 
 SCIL 19201M001    -0.00063 -0.00101  0.05836   0.00003  0.00003  0.00056                               0.00003  0.00003  -87 
 SCIL 19201M001    -0.00063 -0.00100  0.05758   0.00003  0.00003  0.00059                               0.00003  0.00003  -86 
 SCIL 19201M001    -0.00063 -0.00100  0.05629   0.00002  0.00003  0.00065                               0.00003  0.00002  -85 
 SCIL 19201M001    -0.00063 -0.00099  0.06327   0.00002  0.00003  0.00060                               0.00003  0.00002  -83 
 SCIL 19201M001    -0.00063 -0.00099  0.07515   0.00003  0.00003  0.00066                               0.00003  0.00003  -81 
 SCIL 19201M001    -0.00063 -0.00099  0.07384   0.00003  0.00003  0.00067                               0.00003  0.00003  -79 
 SCIL 19201M001    -0.00064 -0.00098  0.06940   0.00003  0.00003  0.00064                               0.00003  0.00003  -77 
 SCIL 19201M001    -0.00064 -0.00098  0.04864   0.00003  0.00003  0.00099                               0.00004  0.00003  -76 
 SCIL 19201M001    -0.00064 -0.00097  0.03683   0.00003  0.00004  0.00100                               0.00004  0.00003  -75 
 SCIL 19201M001    -0.00064 -0.00097  0.04142   0.00003  0.00004  0.00104                               0.00004  0.00003  -74 
 SCIL 19201M001    -0.00064 -0.00096  0.04976   0.00004  0.00004  0.00110                               0.00004  0.00003  -74 
 SCIL 19201M001    -0.00064 -0.00096  0.05893   0.00004  0.00005  0.00120                               0.00005  0.00004  -74 
 SCIL 19201M001    -0.00065 -0.00095  0.06968   0.00004  0.00005  0.00116                               0.00005  0.00004  -74 
 SCIL 19201M001    -0.00065 -0.00095  0.08008   0.00004  0.00005  0.00110                               0.00005  0.00004  -75 
 SCIL 19201M001    -0.00065 -0.00094  0.09108   0.00005  0.00006  0.00122                               0.00006  0.00005  -75 
 SCIL 19201M001    -0.00065 -0.00094  0.09474   0.00005  0.00006  0.00123                               0.00006  0.00005  -75 
 SCIL 19201M001    -0.00065 -0.00093  0.09191   0.00005  0.00006  0.00147                               0.00006  0.00005  -75 
 SID0 12132M001    -0.00003 -0.00020  0.06090   0.00008  0.00007  0.00130                               0.00008  0.00007  -22 
 SID0 12132M001    -0.00003 -0.00020  0.05226   0.00007  0.00007  0.00100                               0.00008  0.00007  -22 
 SID0 12132M001    -0.00004 -0.00019  0.06287   0.00007  0.00006  0.00091                               0.00007  0.00006  -21 
 SID0 12132M001    -0.00004 -0.00018  0.06478   0.00007  0.00006  0.00101                               0.00007  0.00006  -20 
 SID0 12132M001    -0.00004 -0.00017  0.06629   0.00006  0.00006  0.00099                               0.00006  0.00006  -19 
 SID0 12132M001    -0.00005 -0.00016  0.06572   0.00006  0.00005  0.00084                               0.00006  0.00005  -18 
 SID0 12132M001    -0.00005 -0.00015  0.06321   0.00006  0.00005  0.00091                               0.00006  0.00005  -16 
 SID0 12132M001    -0.00006 -0.00014  0.06451   0.00005  0.00005  0.00093                               0.00005  0.00005  -15 
 SID0 12132M001    -0.00006 -0.00013  0.06669   0.00005  0.00005  0.00081                               0.00005  0.00005  -13 
 SID0 12132M001    -0.00007 -0.00013  0.06091   0.00005  0.00005  0.00098                               0.00005  0.00004  -10 
 SID0 12132M001    -0.00007 -0.00012  0.06704   0.00005  0.00004  0.00101                               0.00005  0.00004   -8 
 SID0 12132M001    -0.00008 -0.00011  0.06643   0.00005  0.00004  0.00084                               0.00005  0.00004   -7 
 SID0 12132M001    -0.00008 -0.00010  0.06646   0.00005  0.00004  0.00090                               0.00005  0.00004   -6 
 SID0 12132M001    -0.00009 -0.00009  0.06784   0.00005  0.00004  0.00086                               0.00005  0.00004   -6 
 SID0 12132M001    -0.00009 -0.00008  0.07092   0.00005  0.00004  0.00085                               0.00005  0.00004   -7 
 SID0 12132M001    -0.00010 -0.00007  0.07310   0.00005  0.00005  0.00098                               0.00005  0.00005  -10 
 SID0 12132M001    -0.00010 -0.00006  0.07064   0.00005  0.00005  0.00094                               0.00005  0.00005  -13 
 SID0 12132M001    -0.00011 -0.00006  0.07072   0.00005  0.00005  0.00106                               0.00005  0.00005  -16 
 SID0 12132M001    -0.00011 -0.00005  0.07060   0.00006  0.00005  0.00112                               0.00006  0.00005  -19 
 SID0 12132M001    -0.00012 -0.00004  0.07356   0.00006  0.00006  0.00086                               0.00006  0.00006  -22 
 SID0 12132M001    -0.00012 -0.00003  0.07638   0.00006  0.00006  0.00120                               0.00006  0.00006  -23 
 SID0 12132M001    -0.00013 -0.00002  0.07849   0.00007  0.00006  0.00167                               0.00007  0.00006  -25 
 SID0 12132M001    -0.00013 -0.00001  0.08158   0.00007  0.00007  0.00130                               0.00007  0.00006  -26 
 SID0 12132M001    -0.00014 -0.00000  0.07390   0.00007  0.00007  0.00092                               0.00008  0.00007  -27 
 SID0 12132M001    -0.00014  0.00001  0.07673   0.00008  0.00007  0.00135                               0.00008  0.00007  -27 
 SUBO 12116M001    -0.00029 -0.00034  0.06865   0.00008  0.00007  0.00136                               0.00008  0.00007  -28 
 SUBO 12116M001    -0.00030 -0.00034  0.06164   0.00008  0.00007  0.00112                               0.00008  0.00007  -28 
 SUBO 12116M001    -0.00030 -0.00033  0.06229   0.00007  0.00007  0.00094                               0.00007  0.00006  -27 
 SUBO 12116M001    -0.00030 -0.00033  0.06441   0.00007  0.00006  0.00108                               0.00007  0.00006  -27 
 SUBO 12116M001    -0.00031 -0.00032  0.06476   0.00006  0.00006  0.00102                               0.00007  0.00006  -27 
 SUBO 12116M001    -0.00031 -0.00032  0.07539   0.00006  0.00006  0.00090                               0.00006  0.00006  -27 
 SUBO 12116M001    -0.00031 -0.00031  0.08518   0.00006  0.00005  0.00100                               0.00006  0.00005  -27 
 SUBO 12116M001    -0.00032 -0.00031  0.08392   0.00005  0.00005  0.00096                               0.00006  0.00005  -28 
 SUBO 12116M001    -0.00032 -0.00030  0.07983   0.00005  0.00005  0.00085                               0.00005  0.00005  -29 
 SUBO 12116M001    -0.00032 -0.00030  0.07735   0.00005  0.00005  0.00114                               0.00005  0.00005  -30 
 SUBO 12116M001    -0.00033 -0.00029  0.07490   0.00005  0.00005  0.00110                               0.00005  0.00004  -33 
 SUBO 12116M001    -0.00033 -0.00029  0.07352   0.00005  0.00005  0.00088                               0.00005  0.00004  -35 
 SUBO 12116M001    -0.00033 -0.00028  0.07816   0.00005  0.00005  0.00097                               0.00005  0.00004  -37 
 SUBO 12116M001    -0.00034 -0.00028  0.07497   0.00005  0.00005  0.00092                               0.00005  0.00004  -39 
 SUBO 12116M001    -0.00034 -0.00027  0.06914   0.00005  0.00005  0.00089                               0.00005  0.00004  -41 
 SUBO 12116M001    -0.00034 -0.00027  0.07995   0.00005  0.00005  0.00110                               0.00005  0.00005  -42 
 SUBO 12116M001    -0.00035 -0.00026  0.07468   0.00005  0.00005  0.00098                               0.00005  0.00005  -42 
 SUBO 12116M001    -0.00035 -0.00026  0.07714   0.00005  0.00005  0.00114                               0.00006  0.00005  -42 
 SUBO 12116M001    -0.00036 -0.00025  0.07556   0.00006  0.00006  0.00120                               0.00006  0.00005  -42 
 SUBO 12116M001    -0.00036 -0.00025  0.07968   0.00006  0.00006  0.00092                               0.00006  0.00005  -42 
 SUBO 12116M001    -0.00036 -0.00024  0.08244   0.00006  0.00006  0.00122                               0.00007  0.00006  -42 
 SUBO 12116M001    -0.00037 -0.00024  0.08371   0.00007  0.00007  0.00176                               0.00007  0.00006  -42 
 SUBO 12116M001    -0.00037 -0.00023  0.08043   0.00007  0.00007  0.00136                               0.00008  0.00006  -41 
 SUBO 12116M001    -0.00037 -0.00023  0.09317   0.00008  0.00007  0.00094                               0.00008  0.00007  -41 
 SUBO 12116M001    -0.00038 -0.00022  0.09374   0.00008  0.00008  0.00136                               0.00009  0.00007  -41 
 TLSE 10003M009    -0.00017  0.00010  0.05773   0.00010  0.00008  0.00140                               0.00010  0.00008    5 
 TLSE 10003M009    -0.00018  0.00005  0.05110   0.00009  0.00007  0.00089                               0.00009  0.00007    5 
 TLSE 10003M009    -0.00019 -0.00000  0.04843   0.00008  0.00007  0.00088                               0.00008  0.00007    5 
 TLSE 10003M009    -0.00020 -0.00006  0.03693   0.00007  0.00006  0.00086                               0.00007  0.00006    5 
 TLSE 10003M009    -0.00021 -0.00011  0.04649   0.00006  0.00005  0.00088                               0.00006  0.00005    5 
 TLSE 10003M009    -0.00022 -0.00016  0.05312   0.00006  0.00005  0.00072                               0.00006  0.00005    4 
 TLSE 10003M009    -0.00023 -0.00021  0.06367   0.00005  0.00005  0.00088                               0.00005  0.00005    4 
 TLSE 10003M009    -0.00024 -0.00026  0.06963   0.00005  0.00004  0.00077                               0.00005  0.00004    4 
 TLSE 10003M009    -0.00025 -0.00032  0.07431   0.00005  0.00004  0.00069                               0.00005  0.00004    4 
 TLSE 10003M009    -0.00026 -0.00037  0.07391   0.00005  0.00004  0.00071                               0.00005  0.00004    4 
 TLSE 10003M009    -0.00027 -0.00042  0.06857   0.00006  0.00005  0.00087                               0.00006  0.00005    5 
 TLSE 10003M009    -0.00028 -0.00047  0.06460   0.00006  0.00005  0.00072                               0.00006  0.00005    5 
 TLSE 10003M009    -0.00029 -0.00052  0.08239   0.00007  0.00006  0.00077                               0.00007  0.00006    5 
 TLSE 10003M009    -0.00030 -0.00058  0.07731   0.00007  0.00007  0.00084                               0.00007  0.00007    5 
 TLSE 10003M009    -0.00031 -0.00063  0.07477   0.00008  0.00007  0.00123                               0.00008  0.00007    6 
 VIS0 10423M001    -0.00040  0.00019  0.02788   0.00006  0.00005  0.00104                               0.00007  0.00005   20 
 VIS0 10423M001    -0.00041  0.00015  0.02323   0.00006  0.00005  0.00087                               0.00006  0.00005   20 
 VIS0 10423M001    -0.00041  0.00011  0.02298   0.00006  0.00005  0.00078                               0.00006  0.00005   20 
 VIS0 10423M001    -0.00041  0.00007  0.02080   0.00005  0.00004  0.00079                               0.00006  0.00004   20 
 VIS0 10423M001    -0.00041  0.00003  0.02313   0.00005  0.00004  0.00082                               0.00005  0.00004   19 
 VIS0 10423M001    -0.00041 -0.00000  0.02245   0.00005  0.00004  0.00073                               0.00005  0.00004   19 
 VIS0 10423M001    -0.00042 -0.00004  0.02407   0.00005  0.00004  0.00080                               0.00005  0.00004   19 
 VIS0 10423M001    -0.00042 -0.00008  0.02169   0.00004  0.00003  0.00073                               0.00004  0.00003   19 
 VIS0 10423M001    -0.00042 -0.00012  0.02649   0.00004  0.00003  0.00076                               0.00004  0.00003   19 
 VIS0 10423M001    -0.00042 -0.00015  0.03282   0.00004  0.00003  0.00084                               0.00004  0.00003   19 
 VIS0 10423M001    -0.00043 -0.00019  0.02781   0.00004  0.00003  0.00084                               0.00004  0.00003   19 
 VIS0 10423M001    -0.00043 -0.00023  0.03025   0.00004  0.00003  0.00078                               0.00004  0.00003   19 
 VIS0 10423M001    -0.00043 -0.00027  0.02941   0.00004  0.00003  0.00084                               0.00004  0.00003   19 
 VIS0 10423M001    -0.00043 -0.00030  0.02785   0.00004  0.00003  0.00072                               0.00004  0.00003   19 
 VIS0 10423M001    -0.00043 -0.00034  0.02488   0.00004  0.00003  0.00079                               0.00004  0.00003   19 
 VIS0 10423M001    -0.00044 -0.00038  0.03131   0.00004  0.00003  0.00083                               0.00004  0.00003   19 
 VIS0 10423M001    -0.00044 -0.00042  0.03137   0.00004  0.00003  0.00078                               0.00004  0.00003   20 
 VIS0 10423M001    -0.00044 -0.00045  0.03157   0.00004  0.00004  0.00077                               0.00005  0.00003   20 
 VIS0 10423M001    -0.00044 -0.00049  0.03202   0.00005  0.00004  0.00093                               0.00005  0.00004   20 
 VIS0 10423M001    -0.00044 -0.00053  0.03479   0.00005  0.00004  0.00080                               0.00005  0.00004   21 
 VIS0 10423M001    -0.00045 -0.00057  0.03419   0.00005  0.00004  0.00082                               0.00005  0.00004   21 
 VIS0 10423M001    -0.00045 -0.00060  0.03777   0.00006  0.00005  0.00090                               0.00006  0.00004   21 
 VIS0 10423M001    -0.00045 -0.00064  0.03485   0.00006  0.00005  0.00089                               0.00006  0.00005   21 
 VIS0 10423M001    -0.00045 -0.00068  0.03719   0.00006  0.00005  0.00084                               0.00006  0.00005   21 
 VIS0 10423M001    -0.00046 -0.00072  0.04465   0.00007  0.00006  0.00127                               0.00007  0.00005   21 
 WTZR 14201M010    -0.00077 -0.00027  0.01116   0.00004  0.00004  0.00083                               0.00005  0.00004   39 
 WTZR 14201M010    -0.00076 -0.00026  0.01163   0.00004  0.00004  0.00071                               0.00004  0.00004   39 
 WTZR 14201M010    -0.00075 -0.00025  0.01512   0.00004  0.00004  0.00064                               0.00004  0.00004   39 
 WTZR 14201M010    -0.00073 -0.00024  0.02390   0.00004  0.00004  0.00061                               0.00004  0.00004   39 
 WTZR 14201M010    -0.00072 -0.00022  0.03488   0.00004  0.00003  0.00065                               0.00004  0.00003   39 
 WTZR 14201M010    -0.00071 -0.00021  0.03768   0.00003  0.00003  0.00057                               0.00003  0.00003   38 
 WTZR 14201M010    -0.00070 -0.00020  0.03879   0.00003  0.00003  0.00066                               0.00003  0.00003   37 
 WTZR 14201M010    -0.00069 -0.00019  0.04007   0.00003  0.00003  0.00062                               0.00003  0.00003   37 
 WTZR 14201M010    -0.00068 -0.00018  0.04610   0.00003  0.00003  0.00058                               0.00003  0.00003   36 
 WTZR 14201M010    -0.00066 -0.00017  0.05005   0.00003  0.00003  0.00068                               0.00003  0.00003   34 
 WTZR 14201M010    -0.00065 -0.00015  0.05137   0.00003  0.00003  0.00072                               0.00003  0.00002   33 
 WTZR 14201M010    -0.00064 -0.00014  0.05052   0.00003  0.00002  0.00057                               0.00003  0.00002   31 
 WTZR 14201M010    -0.00063 -0.00013  0.05123   0.00003  0.00002  0.00062                               0.00003  0.00002   29 
 WTZR 14201M010    -0.00062 -0.00012  0.04998   0.00003  0.00002  0.00059                               0.00003  0.00002   27 
 WTZR 14201M010    -0.00061 -0.00011  0.04579   0.00003  0.00003  0.00063                               0.00003  0.00002   25 
 WTZR 14201M010    -0.00059 -0.00009  0.05330   0.00003  0.00003  0.00065                               0.00003  0.00003   23 
 WTZR 14201M010    -0.00058 -0.00008  0.05003   0.00003  0.00003  0.00066                               0.00003  0.00003   20 
 WTZR 14201M010    -0.00057 -0.00007  0.05004   0.00003  0.00003  0.00066                               0.00003  0.00003   18 
 WTZR 14201M010    -0.00056 -0.00006  0.05007   0.00003  0.00003  0.00070                               0.00003  0.00003   16 
 WTZR 14201M010    -0.00055 -0.00005  0.05001   0.00004  0.00003  0.00064                               0.00004  0.00003   14 
 WTZR 14201M010    -0.00054 -0.00004  0.05233   0.00004  0.00004  0.00068                               0.00004  0.00003   13 
 WTZR 14201M010    -0.00052 -0.00002  0.04928   0.00004  0.00004  0.00074                               0.00004  0.00004   11 
 WTZR 14201M010    -0.00051 -0.00001  0.04660   0.00004  0.00004  0.00073                               0.00004  0.00004   10 
 WTZR 14201M010    -0.00050 -0.00000  0.05100   0.00004  0.00004  0.00069                               0.00004  0.00004    9 
 WTZR 14201M010    -0.00049  0.00001  0.05496   0.00005  0.00004  0.00093                               0.00005  0.00004    8 
 ZADA 11905M001    -0.00009 -0.00027  0.07270   0.00005  0.00004  0.00113                               0.00005  0.00004  -11 
 ZADA 11905M001    -0.00010 -0.00023  0.07291   0.00005  0.00004  0.00077                               0.00005  0.00004  -10 
 ZADA 11905M001    -0.00011 -0.00018  0.08233   0.00005  0.00004  0.00068                               0.00005  0.00004  -10 
 ZADA 11905M001    -0.00012 -0.00013  0.07977   0.00004  0.00004  0.00064                               0.00004  0.00004  -10 
 ZADA 11905M001    -0.00013 -0.00009  0.07457   0.00004  0.00004  0.00075                               0.00004  0.00004   -9 
 ZADA 11905M001    -0.00014 -0.00004  0.08009   0.00004  0.00003  0.00063                               0.00004  0.00003   -9 
 ZADA 11905M001    -0.00015  0.00000  0.07634   0.00004  0.00003  0.00072                               0.00004  0.00003   -9 
 ZADA 11905M001    -0.00016  0.00005  0.08236   0.00003  0.00003  0.00064                               0.00003  0.00003   -9 
 ZADA 11905M001    -0.00017  0.00010  0.08694   0.00003  0.00003  0.00065                               0.00003  0.00003   -9 
 ZADA 11905M001    -0.00019  0.00014  0.08368   0.00003  0.00003  0.00070                               0.00003  0.00003  -10 
 ZADA 11905M001    -0.00020  0.00019  0.09080   0.00003  0.00003  0.00070                               0.00003  0.00003  -10 
 ZADA 11905M001    -0.00021  0.00024  0.08101   0.00003  0.00003  0.00058                               0.00003  0.00003  -11 
 ZADA 11905M001    -0.00022  0.00028  0.08754   0.00003  0.00003  0.00072                               0.00003  0.00002  -13 
 ZADA 11905M001    -0.00023  0.00033  0.08642   0.00003  0.00003  0.00065                               0.00003  0.00003  -14 
 ZADA 11905M001    -0.00024  0.00037  0.08516   0.00003  0.00003  0.00068                               0.00003  0.00003  -15 
 ZADA 11905M001    -0.00025  0.00042  0.09162   0.00003  0.00003  0.00066                               0.00003  0.00003  -16 
 ZADA 11905M001    -0.00026  0.00047  0.09118   0.00003  0.00003  0.00073                               0.00003  0.00003  -16 
 ZADA 11905M001    -0.00027  0.00051  0.10226   0.00004  0.00003  0.00079                               0.00004  0.00003  -17 
 ZADA 11905M001    -0.00028  0.00056  0.09947   0.00004  0.00003  0.00076                               0.00004  0.00003  -17 
 ZADA 11905M001    -0.00029  0.00060  0.08960   0.00004  0.00003  0.00065                               0.00004  0.00003  -17 
 ZADA 11905M001    -0.00031  0.00065  0.08355   0.00004  0.00004  0.00075                               0.00004  0.00004  -17 
 ZADA 11905M001    -0.00032  0.00070  0.08171   0.00005  0.00004  0.00073                               0.00005  0.00004  -18 
 ZADA 11905M001    -0.00033  0.00074  0.07401   0.00005  0.00004  0.00076                               0.00005  0.00004  -18 
 ZADA 11905M001    -0.00034  0.00079  0.07273   0.00005  0.00004  0.00069                               0.00005  0.00004  -18 
 ZADA 11905M001    -0.00035  0.00083  0.07744   0.00005  0.00005  0.00102                               0.00006  0.00004  -18 
 ZIM2 14001M008    -0.00032  0.00022  0.03909   0.00005  0.00005  0.00098                               0.00005  0.00004   31 
 ZIM2 14001M008    -0.00032  0.00021  0.03865   0.00005  0.00004  0.00067                               0.00005  0.00004   30 
 ZIM2 14001M008    -0.00032  0.00020  0.04775   0.00004  0.00004  0.00067                               0.00005  0.00004   29 
 ZIM2 14001M008    -0.00033  0.00019  0.04012   0.00004  0.00004  0.00064                               0.00004  0.00004   29 
 ZIM2 14001M008    -0.00033  0.00018  0.03626   0.00004  0.00004  0.00067                               0.00004  0.00003   28 
 ZIM2 14001M008    -0.00033  0.00017  0.03641   0.00004  0.00003  0.00057                               0.00004  0.00003   28 
 ZIM2 14001M008    -0.00034  0.00016  0.03294   0.00003  0.00003  0.00070                               0.00004  0.00003   27 
 ZIM2 14001M008    -0.00034  0.00015  0.02624   0.00003  0.00003  0.00061                               0.00003  0.00003   27 
 ZIM2 14001M008    -0.00034  0.00014  0.02360   0.00003  0.00003  0.00056                               0.00003  0.00003   27 
 ZIM2 14001M008    -0.00035  0.00013  0.02110   0.00003  0.00003  0.00063                               0.00003  0.00003   27 
 ZIM2 14001M008    -0.00035  0.00011  0.02848   0.00003  0.00003  0.00067                               0.00003  0.00003   28 
 ZIM2 14001M008    -0.00035  0.00010  0.03145   0.00003  0.00003  0.00059                               0.00003  0.00003   29 
 ZIM2 14001M008    -0.00036  0.00009  0.03013   0.00003  0.00003  0.00065                               0.00003  0.00003   32 
 ZIM2 14001M008    -0.00036  0.00008  0.03277   0.00003  0.00003  0.00061                               0.00003  0.00003   36 
 ZIM2 14001M008    -0.00036  0.00007  0.03156   0.00003  0.00003  0.00066                               0.00003  0.00003   41 
 ZIM2 14001M008    -0.00036  0.00006  0.02930   0.00003  0.00003  0.00077                               0.00003  0.00003   47 
 ZIM2 14001M008    -0.00037  0.00005  0.03010   0.00003  0.00003  0.00072                               0.00003  0.00003   52 
 ZIM2 14001M008    -0.00037  0.00004  0.03436   0.00003  0.00003  0.00069                               0.00003  0.00003   56 
 ZIM2 14001M008    -0.00037  0.00003  0.03817   0.00003  0.00004  0.00079                               0.00004  0.00003   58 
 ZIM2 14001M008    -0.00038  0.00002  0.04202   0.00004  0.00004  0.00066                               0.00004  0.00004   60 
 ZIM2 14001M008    -0.00038  0.00000  0.04130   0.00004  0.00004  0.00066                               0.00004  0.00004   61 
 ZIM2 14001M008    -0.00038 -0.00001  0.04269   0.00004  0.00004  0.00068                               0.00004  0.00004   62 
 ZIM2 14001M008    -0.00039 -0.00002  0.04399   0.00004  0.00005  0.00072                               0.00005  0.00004   62 
 ZIM2 14001M008    -0.00039 -0.00003  0.04864   0.00005  0.00005  0.00073                               0.00005  0.00005   62 
 ZIM2 14001M008    -0.00039 -0.00004  0.05299   0.00005  0.00005  0.00109                               0.00005  0.00005   62 


-----------------------------------------------------------------
>>> CPU/Real time for pgm "ADDNEQ2": 0:00:01.984 / 0:00:01.985
>>> Program finished successfully

